model,category,image_id,CC_mean,CC_min,CC_max,SIM_mean,SIM_min,SIM_max,KL_mean,KL_min,KL_max
claude-opus-4.6,desktop,075286,0.49528236662599295,0.47088793257535694,0.5195420717438164,0.49077896164706686,0.4785472872475035,0.5024953165668016,1.7984894376112166,1.712022178844066,1.8667246572067575
claude-opus-4.6,desktop,1fdbf2,0.5502345246845802,0.478986843453068,0.6437705438707776,0.5973487901767802,0.5762717607930501,0.6388034455944631,0.8082299947551155,0.6717022353535212,0.929276878424144
claude-opus-4.6,desktop,2bb7d4,0.3116491421243869,0.28827979978535756,0.3611925237945479,0.47766950584983636,0.4625921819745941,0.4946892918371412,1.80928713340541,1.5607998210046499,2.0000288390866388
claude-opus-4.6,desktop,2fe128,0.24466724367882384,0.19382738628883617,0.26399515039572796,0.45109061320484417,0.42940908003343536,0.4606037880751808,2.48500019793548,2.3784403880090808,2.682275258093514
claude-opus-4.6,desktop,3ec21e,0.6670102911485846,0.38439559944847823,0.7432352718309417,0.6053461419443626,0.4724693804612856,0.6464222552956029,0.633841724196206,0.434747810388195,1.8319896116386691
claude-opus-4.6,desktop,5a6a69,0.5536696718671277,0.5116792560517256,0.6221162188605731,0.5956722893712563,0.584170242330143,0.6144724292217993,0.5957928142421852,0.5438413021992876,0.6229291012225542
claude-opus-4.6,desktop,67225a,0.735253150754966,0.6850755433908576,0.8018569307870642,0.6748828504937469,0.6442149222083646,0.7137111042795627,0.37565212495197436,0.3232872513920847,0.4288372955293219
claude-opus-4.6,desktop,7cc04a,0.3788342584506774,0.3488983333481621,0.4132605777555145,0.46874267866857694,0.46108329361223616,0.48122846235976946,1.2906922971485515,1.1830352503870114,1.3473987337030822
claude-opus-4.6,desktop,b5dab9,0.3090919306949367,0.23683893551578733,0.4015537713923617,0.4658518962550988,0.4357590009364761,0.5078214569839035,0.9742429610268438,0.7772839347822538,1.1248715229257598
claude-opus-4.6,desktop,f9e25e,0.5440656896224965,0.44209670134052126,0.6052528599605959,0.6519843480409333,0.625362202004472,0.6700240164370057,0.4313858016033045,0.38753481507460874,0.5130517361063998
claude-opus-4.6,mobile,1b307f,0.21119775675405736,0.13545743841426203,0.2775967265858032,0.376575319347565,0.33601423799033076,0.4031032320623728,2.167031808693508,1.8453477287520696,2.6509836417128843
claude-opus-4.6,mobile,1dd09f,-0.06637690199089581,-0.09755444887666821,-0.03244640744836987,0.16257535924258093,0.14657975564688977,0.19587079879904024,4.897951601353332,3.925104415193071,6.043376937104016
claude-opus-4.6,mobile,3664a3,0.738176996294384,0.7094599621842352,0.7668360448921712,0.6887037572591692,0.6739270022671779,0.7111534763460129,0.6728466501704693,0.40908856241785435,0.7709707261510147
claude-opus-4.6,mobile,3d29ac,0.2938341012311081,0.2075495933998061,0.3543821147545957,0.49298766740406813,0.4619847348323426,0.5221491776920077,1.5500326081203908,1.344756605440119,1.823552984455033
claude-opus-4.6,mobile,4ae90b,0.08311114810993411,0.037837166207351634,0.1514410365984981,0.35828381871166276,0.3254586043965887,0.40002731990510076,2.8981667757000933,2.4564885780646626,3.368434781553666
claude-opus-4.6,mobile,587857,0.20706895362687275,0.15820945909360395,0.3000255857292995,0.38566076764788504,0.3712958180669811,0.42229927010998675,2.5374924855265912,1.9842095584273616,2.8926918920596516
claude-opus-4.6,mobile,58b56c,0.5152481842707539,0.4140435335260201,0.5614162368085891,0.5281240019137561,0.49286156630434835,0.5620714195693113,1.6465349861119276,1.2960273933641377,2.0563283221092
claude-opus-4.6,mobile,a77bd5,0.22565674794239637,0.16643572644318758,0.2681531027384876,0.40185079828577236,0.3776927475356868,0.4265597083207758,2.4208003010121844,2.131154060813056,2.8093432899836213
claude-opus-4.6,mobile,ebe076,0.8207787421785083,0.7921416275759545,0.8509477876602299,0.7597694833302227,0.7377415478369036,0.7817296693606937,0.29384675508533703,0.27309257843740026,0.3365326248945595
claude-opus-4.6,mobile,f30633,-0.01829022536160378,-0.05207857665290387,0.05855515873103549,0.25530338892379206,0.21694513552074204,0.32660945254285545,4.085567681605409,2.884910140024351,4.741131214531473
claude-opus-4.6,poster,0b81bd,0.5581699588649975,0.4881381209264526,0.6032223688203302,0.5501838971771341,0.5091277080486635,0.5744447418762478,0.9346900464993848,0.7818197656194524,1.1042408844060945
claude-opus-4.6,poster,4ea758,0.5273062352611471,0.46883011102817673,0.58590026815171,0.5012125567820293,0.4777655720168067,0.5171461109014301,1.481333635287539,1.29847385812075,1.7127123544943799
claude-opus-4.6,poster,6a889e,0.40716333452812536,0.3284910759467765,0.46990313481985535,0.513323012996852,0.4969388498475428,0.5313445049530934,0.7880088627818139,0.7366067640826113,0.8312354585392273
claude-opus-4.6,poster,98474c,0.6350340056436916,0.529223057447976,0.6733109805065187,0.6180805614572533,0.5802300727235638,0.6413269168219694,0.5667816214692498,0.4859660858424008,0.7027004133539121
claude-opus-4.6,poster,aabc06,0.26601072909494083,0.18465131431528536,0.40568476600521197,0.4212638231904367,0.3714306931649964,0.49389167062074935,1.7648295160245788,1.1596897927342553,2.3511193299362314
claude-opus-4.6,poster,bb34f1,0.7247712054533947,0.6525503611521124,0.7684280986083548,0.6115414730880908,0.5729126112290526,0.6375831867759645,1.000083177268553,0.899988174043582,1.223647367635253
claude-opus-4.6,poster,c08f50,0.45369718836906525,0.3880984696832647,0.5518223504531838,0.6005254857001836,0.5845852741664663,0.6255398386903465,0.5151159636777668,0.45196268012778495,0.558029120771164
claude-opus-4.6,poster,c9b04c,0.353902056284208,0.24232072119292475,0.41958372797609417,0.5115092148132769,0.4837572093853653,0.5264782767972211,0.7364907903843805,0.6852948098851158,0.8105447234808658
claude-opus-4.6,poster,dd0d82,0.3953151905004657,0.3595377800633298,0.44157208855236274,0.5113949787098846,0.4956714813856817,0.5265029840301658,0.945636030120046,0.8624558831169963,1.0510688490691402
claude-opus-4.6,poster,fac314,0.2934475996574249,0.256671005399043,0.3112603203033123,0.3963178785037559,0.3806715187664542,0.40902708155998146,1.7978604347239107,1.431102892834445,2.1826058412978995
claude-opus-4.6,web,0f8ece,0.288347506660929,0.24706768153567285,0.3207508031886307,0.38761394514941133,0.3711451004521265,0.4105971686467337,2.628565130290447,2.0872778962022203,3.0158229693598324
claude-opus-4.6,web,52a3d2,0.026099900328121085,-0.004869514729856427,0.051027284723802045,0.2791328219727186,0.25021994340460973,0.29339996536665097,4.010217581252557,3.647311148694533,4.549809131050951
claude-opus-4.6,web,60593d,0.504544906041547,0.4507692408336097,0.5459110695474239,0.5116391314317597,0.49387709115825656,0.5357844040923809,0.9663289529045869,0.8040303465508282,1.063660101174731
claude-opus-4.6,web,61707e,0.15782460625710845,0.08915519881651467,0.2416556383784495,0.42021001015515524,0.39815745889939913,0.44613732983521603,2.013267329931176,1.8652604624988582,2.112866649500745
claude-opus-4.6,web,69a8c4,0.1097770204992925,0.06601996457870202,0.13469821128707324,0.38172591452691085,0.3701045444673545,0.38952947287160467,3.103726386093167,2.7776532442819364,3.2643230061080315
claude-opus-4.6,web,927a3c,0.4302600467892176,0.37935661412381994,0.502417035223808,0.4321348203233669,0.41757404067561904,0.44369110270138196,1.39842410520156,1.2859900125000545,1.5508132803975299
claude-opus-4.6,web,a4d155,0.15380919097595355,0.11908781601395078,0.2038626158373639,0.35449306014298465,0.3353611675870442,0.3730636675292832,1.9681159919819329,1.769797556144482,2.27919650708939
claude-opus-4.6,web,c3ce89,0.6079327870442409,0.5445425462361682,0.742635503283378,0.6076413614811252,0.5775276282827956,0.6643283348586013,0.6041124947604735,0.40018187504761005,0.7072013052330016
claude-opus-4.6,web,ce9bfe,0.08593179037348089,0.04360443936856242,0.10988478646141717,0.3050952278609369,0.27452829935047907,0.3193361320152121,2.356521589335027,2.086233065435891,2.987566084862793
claude-opus-4.6,web,d48310,0.636471406697444,0.5958659710062271,0.6812656240574465,0.5237230457580662,0.5012415639638208,0.5447260717054541,0.8324380599998069,0.7397255792883735,0.9356774771827885
claude-sonnet-4.6,desktop,075286,0.29873623716380676,0.2436253834058174,0.42230219835712113,0.4433150895200132,0.42377252973193946,0.4593223305479145,1.4215117090154703,1.0851496741121882,1.716438868517261
claude-sonnet-4.6,desktop,1fdbf2,0.5269276893636363,0.44368202766692066,0.5680760192662888,0.5671176700092809,0.5485098514948095,0.5837082498143265,0.6083760712768624,0.5737366280374476,0.6633020173716495
claude-sonnet-4.6,desktop,2bb7d4,0.2295111658424583,0.12078731531961036,0.31692519279659637,0.4482989565677798,0.392658340638401,0.5067429645815298,1.8954141277917493,0.9533440441641672,3.197059671777425
claude-sonnet-4.6,desktop,2fe128,0.1609698300189568,0.06455622752686241,0.30716835740777493,0.4260250706163526,0.3916029108750041,0.47394057772931447,1.6303386063674477,0.9387684185187374,2.807482163515966
claude-sonnet-4.6,desktop,3ec21e,0.4598766049613274,0.3220008924665205,0.6218553601852685,0.5165317349537865,0.4524165565753213,0.5905758569964039,0.8385548563266827,0.5745208490160956,1.1309295918385665
claude-sonnet-4.6,desktop,5a6a69,0.3394666406001684,0.21391551528025254,0.4415952623990968,0.49228677443074975,0.4566876431458926,0.5173948744180477,1.0249172921546958,0.9509594717258163,1.176209020278965
claude-sonnet-4.6,desktop,67225a,0.7402783852224477,0.6944332736503063,0.8097291340009012,0.6724159579400009,0.6495627900419061,0.7066272430776093,0.4002155494238437,0.3079956624728073,0.48288638071063666
claude-sonnet-4.6,desktop,7cc04a,0.6629659915933676,0.6029096734497503,0.7058349316556256,0.5933815075390445,0.5539301776939742,0.6086763540928563,0.5519743546006778,0.5143611604592636,0.6382934151614169
claude-sonnet-4.6,desktop,b5dab9,0.4557002594795385,0.35672206262023587,0.5245542167921038,0.51589344369748,0.4854838068511008,0.5569970170902677,0.9387319489797974,0.6851335452972459,1.3941653369402933
claude-sonnet-4.6,desktop,f9e25e,0.03723589243735066,-0.05308053406886981,0.13548703703982964,0.4810024424357845,0.45473960011398956,0.5241878247552006,0.9249382248501622,0.787819745246433,1.0587389973063885
claude-sonnet-4.6,mobile,1b307f,0.16418128355515405,0.11488276934139324,0.22758771975566863,0.30156010600494554,0.2553271609006362,0.3531849221807338,3.173602868483659,2.301674399214107,3.944644338069283
claude-sonnet-4.6,mobile,1dd09f,-0.01988324354456505,-0.11271106385460411,0.1635551473040788,0.20354793227488957,0.14351247350615765,0.33662165611635153,4.4126072129651135,2.675928400864316,5.498581999885678
claude-sonnet-4.6,mobile,3664a3,0.7210315169331878,0.667422030558263,0.7368893288420816,0.6835493964074937,0.6635659230466548,0.6973586946072241,0.3890216155256355,0.3568980519387666,0.4728938622600182
claude-sonnet-4.6,mobile,3d29ac,-0.011434201346736911,-0.05783239087753172,0.010153449915702939,0.2651029399263076,0.23364826712206607,0.27921759670615054,4.225839269281801,3.9790533475637573,4.545188108555109
claude-sonnet-4.6,mobile,4ae90b,0.05790135506676332,0.01649448318305889,0.10885303771193858,0.3035656673430906,0.28124796690743614,0.3454789691910187,3.8247741822706707,3.1782976019467357,4.179503107667087
claude-sonnet-4.6,mobile,587857,0.07081417533463738,0.019718827048546262,0.13281854920822117,0.2634275614457749,0.23487374795376997,0.3108285087442765,4.587761001662484,3.502836259952253,5.009418803567628
claude-sonnet-4.6,mobile,58b56c,0.21590636370826374,0.09451410685375357,0.3714130479864115,0.370424990902023,0.32357049572527163,0.41151932924447077,2.7259054003224175,2.4652129920293153,3.4106582871737814
claude-sonnet-4.6,mobile,a77bd5,0.04742999660234072,-0.04210390751536469,0.16244323824166826,0.24508645090322437,0.1469652668723785,0.34713861000412716,4.679167363964852,2.9695967170453574,6.454309337005056
claude-sonnet-4.6,mobile,ebe076,0.6015620303754685,0.45906822974317885,0.7996058671358172,0.6372547127675074,0.5777863742190417,0.740561312148412,0.6015667744384346,0.3817006797042087,0.7824529278234051
claude-sonnet-4.6,mobile,f30633,0.007858433298600963,-0.1194005198888655,0.1369237345215957,0.2594674545811517,0.19170878500957556,0.32283345416300946,4.794582885717157,3.8334504521530373,6.017309165054559
claude-sonnet-4.6,poster,0b81bd,0.373154730189344,0.250518976855694,0.44782596048616846,0.4336283940804445,0.36365734318692267,0.4888764082705296,1.4322389299296057,1.1675029744654997,2.2400400685148854
claude-sonnet-4.6,poster,4ea758,0.47728680750241653,0.362591815416216,0.5764204644705361,0.49841904159294287,0.4582197830383902,0.5392139990184295,1.1120597161885113,0.941161396889969,1.2958512582501016
claude-sonnet-4.6,poster,6a889e,0.4365762445798973,0.35281254334006995,0.5255608863117529,0.5372102094308502,0.5197394148828288,0.5588685313230638,0.7368028179017632,0.6373344030869181,0.8215381777109354
claude-sonnet-4.6,poster,98474c,0.5719959909744363,0.4664157137725874,0.6216497070268833,0.5814902471944169,0.5570112233266091,0.6082062744760586,0.6227371955484111,0.5156393237339124,0.7614397587581996
claude-sonnet-4.6,poster,aabc06,0.3801601599082497,0.06187847043180515,0.5204209383105787,0.44469273279613997,0.29229418398279294,0.5219584959778834,2.0047287738942137,1.566477214192711,3.1739111424505597
claude-sonnet-4.6,poster,bb34f1,0.45677390654471284,0.3574197064173737,0.569929422494849,0.48232393989334643,0.42377325577427977,0.5433561039876964,1.7602264426570577,1.207336882955814,2.3391680002810853
claude-sonnet-4.6,poster,c08f50,0.329218077836321,0.05629111582758285,0.44669014389085776,0.5736436792448198,0.5072386534040434,0.6042267325903632,0.6062940956388772,0.5288101218873721,0.846633058640587
claude-sonnet-4.6,poster,c9b04c,0.5670672284392339,0.4964775180975525,0.6973454059621835,0.5569139017438982,0.5412315499806759,0.5853369363540855,0.6091058662747062,0.5405445396066786,0.6525978895699026
claude-sonnet-4.6,poster,dd0d82,0.3661140452043302,0.24504794388412104,0.4905034810795828,0.48808082701742955,0.457723732548767,0.5204981568584477,0.91720107744506,0.7724696253112767,1.1162246686281596
claude-sonnet-4.6,poster,fac314,0.04389593673613296,-0.007173727247425862,0.08219662372277468,0.2767579803267182,0.23473740888738098,0.31147785434257663,3.5144651672301515,2.953962883067908,4.037574039675848
claude-sonnet-4.6,web,0f8ece,0.08930390161262076,0.03187558066314889,0.20289776203571203,0.30032361558398846,0.2695085676443958,0.3584540733035711,3.8568872731145234,2.739622802826791,4.4707759640325
claude-sonnet-4.6,web,52a3d2,0.011622595975452751,-0.0576277444288637,0.09714083187109963,0.2673756297838174,0.22863774450293362,0.3068230629308407,4.106156954008415,2.9776369342886317,4.864265852207988
claude-sonnet-4.6,web,60593d,0.3010787916803458,0.14611480178861652,0.5381048717534527,0.4521196931972492,0.3904149055096117,0.5510561404025321,1.2690716385270249,0.7590769745885746,1.7872395863495316
claude-sonnet-4.6,web,61707e,-0.054099300939432673,-0.11863737259997223,0.05756139703731779,0.37131281906710617,0.3435038031522214,0.41475081672709324,1.7556054698123926,1.4054432848794587,2.006949538135188
claude-sonnet-4.6,web,69a8c4,0.11232515378242225,0.05060124899199077,0.22084330881845762,0.39614904149535335,0.3480473282535045,0.4461165438904557,3.083431513660951,1.8718165581457802,4.049503878759044
claude-sonnet-4.6,web,927a3c,0.26135885932888503,0.1346513270581236,0.37430296600584695,0.39164509081927773,0.3444458659547721,0.45242910465837305,1.2546751920629324,0.954743416975793,1.8270260754135472
claude-sonnet-4.6,web,a4d155,0.14737248189033844,0.04385456953309525,0.2167869305956875,0.3665578124785849,0.31794932149851945,0.4053814333721908,2.1713368997077183,1.7841822197073338,2.5832744359141366
claude-sonnet-4.6,web,c3ce89,0.5881603864805243,0.477077567161167,0.7267687677456369,0.5779425823784254,0.5051444663577411,0.6497583107275149,0.6228194455677442,0.4158965371325807,0.7715101445526513
claude-sonnet-4.6,web,ce9bfe,0.1609289391184939,0.1344769969290986,0.20190130166339398,0.2973926921301925,0.28561846494879906,0.32166310785849644,2.51126184581519,2.1991024018324477,2.6031094549096108
claude-sonnet-4.6,web,d48310,0.4209930837922757,0.28686978855666934,0.5875053943854514,0.38846027222842405,0.34518509340353387,0.43513055151126917,1.4124584161348253,1.116710762563327,1.68803710159308
gemini-3.1-flash-lite,desktop,075286,0.4925294577878894,0.37646144419319394,0.6534009265211953,0.5128835408520735,0.459281242107349,0.5823071854364145,0.8850519439051985,0.7732880665287407,1.0883675474511425
gemini-3.1-flash-lite,desktop,1fdbf2,-0.11532003568589451,-0.13317720044323061,-0.03780758759800565,0.07383462880769909,0.05401120062539093,0.24309037583625492,8.983931043708736,3.535832278845155,9.597901846751633
gemini-3.1-flash-lite,desktop,2bb7d4,0.4234831962076872,0.30553539800129126,0.5314700342204813,0.5451749046140317,0.5000579295471956,0.5912506726237912,0.8331919231044067,0.6451898016806219,1.0185948735943204
gemini-3.1-flash-lite,desktop,2fe128,0.22681338502066567,0.03943667760597357,0.33951495884474236,0.4062908164969065,0.3075289020159809,0.4914917853578374,1.7305727561626807,0.901480609451721,2.4027612598681705
gemini-3.1-flash-lite,desktop,3ec21e,0.7332022393157084,0.6862242911793335,0.7796911231456576,0.6524502126513603,0.6231286839835497,0.6867470710244761,0.4895021514706963,0.4451185540715705,0.5686081657359698
gemini-3.1-flash-lite,desktop,5a6a69,0.23430161069864278,0.04389029765094479,0.39652243036054813,0.37421650606241175,0.12765181438157247,0.5209416767634016,3.558389156597298,1.0325646937958983,8.92766645778904
gemini-3.1-flash-lite,desktop,67225a,0.22461705230172554,-0.06159853984425069,0.58671032651697,0.34727592996946977,0.13110146112073054,0.563067825111539,2.008611601830458,0.7051400781100399,3.69390651087243
gemini-3.1-flash-lite,desktop,7cc04a,-0.1270375215301341,-0.13018253144477238,-0.12333278211516766,0.008159088008037642,0.008076600119919055,0.008220646802437767,10.499999561295164,10.49915025474443,10.501642070889226
gemini-3.1-flash-lite,desktop,b5dab9,0.11728628432322477,-0.10307447160316244,0.38349497599465066,0.25031127409243137,0.03684004982521201,0.4864223733572898,5.389387674433903,0.9466991177285629,9.671088299644232
gemini-3.1-flash-lite,desktop,f9e25e,0.0945557798437953,0.02592721842038189,0.2051537389264635,0.5077141554853126,0.4606259016225953,0.550648995472191,1.0339341965250353,0.7696321959039971,1.4587533736277023
gemini-3.1-flash-lite,mobile,1b307f,0.481926382794528,0.39255400051773315,0.5517198870825128,0.4687145013538661,0.3928960178632488,0.5603098999700393,2.2135540327958814,1.3504207660928729,2.881169024479986
gemini-3.1-flash-lite,mobile,1dd09f,-0.07728033991809932,-0.0946380609035,-0.04240662955224708,0.011702296008717606,0.0,0.04273050902134079,9.4556099863799,8.2961114528963,9.759179406444735
gemini-3.1-flash-lite,mobile,3664a3,-0.14379537241570328,-0.16333126955214303,-0.1187458430963434,0.011353528866439377,0.010711705286779461,0.011747958673382956,10.485481955263733,10.283632907426085,10.514365886742542
gemini-3.1-flash-lite,mobile,3d29ac,-0.14497870970028304,-0.156974374106035,-0.12952189720738874,0.006772109896785625,0.006704098083289852,0.006828349265761994,8.915204255563385,8.914714774468964,8.915857115859493
gemini-3.1-flash-lite,mobile,4ae90b,-0.14086353102684793,-0.1489653530439917,-0.08460765499828982,0.0,0.0,0.0,9.16918402745296,9.169182391253013,9.169192422616351
gemini-3.1-flash-lite,mobile,587857,-0.05089253876106877,-0.05669818505185666,-0.04242730558509,0.02939815258471155,0.026706923282983568,0.03148120368945184,9.094326433376365,9.073068763884391,9.12100089119215
gemini-3.1-flash-lite,mobile,58b56c,0.4992820009811152,0.4131753280476588,0.550952762300483,0.482455268878892,0.39291743954608405,0.5422724426263659,1.8751842639540048,1.3151843447497802,3.305543715634079
gemini-3.1-flash-lite,mobile,a77bd5,-0.10901492736246261,-0.11929294780503225,-0.09989885943433621,0.0009621383400457838,0.0009352270679569071,0.0010108182451343864,9.1344811428841,9.134151847632126,9.134671872553877
gemini-3.1-flash-lite,mobile,ebe076,0.48846594353123385,-0.15852216816685943,0.7619160420773581,0.5244033556898946,0.007496389397313556,0.703257551089391,2.541903854042802,0.39228631622286136,10.55684068128685
gemini-3.1-flash-lite,mobile,f30633,-0.11233641936581915,-0.11807994707648754,-0.09847695625680383,8.39098447642074e-05,6.828083883391302e-05,9.26462497758327e-05,9.305556574124937,9.305520278186803,9.305619152720112
gemini-3.1-flash-lite,poster,0b81bd,0.46043104639274546,0.38850752852809983,0.5157653713798438,0.4741582090976456,0.40985551968212225,0.5108790745476145,1.463391490328656,1.2476418014540485,1.963294398882068
gemini-3.1-flash-lite,poster,4ea758,0.5107120615896565,0.46959468281362055,0.558835038919275,0.5121307212495132,0.48128756291876873,0.5379964994228775,1.398873937396844,1.0866300926002967,1.6779789949046218
gemini-3.1-flash-lite,poster,6a889e,0.5378341698043121,0.43826441658297066,0.5747054647258938,0.5666642115913246,0.5284387776958024,0.5834789355731499,0.6765501392564798,0.6233695565079342,0.821341955707218
gemini-3.1-flash-lite,poster,98474c,-0.16199518319067613,-0.16847399398242247,-0.14103839242295543,0.012371493592713265,0.011708050417802224,0.01285393796428685,10.315340527943608,10.307320865659175,10.325792449217932
gemini-3.1-flash-lite,poster,aabc06,0.04289144493335058,-0.00103529961579975,0.35647405854663305,0.11622730968941272,0.06606682436043466,0.42834580177549486,7.200934813005775,2.3070455593363954,8.107575475896468
gemini-3.1-flash-lite,poster,bb34f1,0.6799663493049685,0.5630438527388495,0.7828596906045808,0.5824867624683985,0.4938937090250015,0.6528467357421185,1.065527353963753,0.8353344504055467,1.4834479196205475
gemini-3.1-flash-lite,poster,c08f50,0.44135433139603125,0.35074353240584055,0.5447971278872907,0.6205576428210651,0.5895140546656821,0.650625656971297,0.48839805531004377,0.4260743336872551,0.5570434573569786
gemini-3.1-flash-lite,poster,c9b04c,-0.08913569909543018,-0.09048923647466714,-0.08773119937895917,0.18279132131811185,0.18251612305650006,0.18308250687482389,8.013110413604325,8.012858755478206,8.01375107565349
gemini-3.1-flash-lite,poster,dd0d82,-0.023105686224583144,-0.05499190965462432,0.018742065710232264,0.0771173687990582,0.07302566988036302,0.08065267038172835,9.617938662793534,9.249305981413858,9.70101525499756
gemini-3.1-flash-lite,poster,fac314,0.2189901721647328,0.18517493220463255,0.2560480197137721,0.36723653070067563,0.344379970735391,0.38066900727385977,2.724085053755103,2.0737039772370256,3.1935987780398967
gemini-3.1-flash-lite,web,0f8ece,-0.05365449855464166,-0.08374352458908205,-0.0285425489124686,0.0007948164409176349,4.95195707078155e-05,0.0015597188920550295,9.616349928911605,9.59735517633625,9.638277559307145
gemini-3.1-flash-lite,web,52a3d2,0.008172127398233336,-0.07473687802877334,0.3260059724021659,0.10886816412171718,0.038348458423326195,0.38205154194823665,7.542824699692541,2.4851786047351467,8.80668496001058
gemini-3.1-flash-lite,web,60593d,-0.052433101909402126,-0.15403945776734404,0.3370493726909862,0.09486965723525959,0.0057755447603232675,0.455842036032001,8.868012868901594,1.12184326482048,10.80445136878102
gemini-3.1-flash-lite,web,61707e,-0.17086501151332584,-0.18088851905215403,-0.14492841061274106,0.0027662408002147344,0.0026385554452978857,0.0028478940444548336,10.650792959741342,10.650316003639421,10.651598880735754
gemini-3.1-flash-lite,web,69a8c4,0.03785947186012341,-0.08796342214802888,0.12203596382900822,0.30954674760788037,0.06482298987727748,0.42737850078307077,3.936250912224183,1.948267386412585,8.284657145675084
gemini-3.1-flash-lite,web,927a3c,0.11460246055988384,0.00357571508156118,0.26802814607574516,0.3511643603552319,0.3025007607541345,0.3821918032066743,1.5702953385384482,1.3763165193090052,1.8330584969134396
gemini-3.1-flash-lite,web,a4d155,-0.10938913116005271,-0.11329371540377678,-0.09840616801437613,0.031834540554988064,0.03131891955268333,0.03216475240308826,9.956139392150387,9.953133453685108,9.96002518095882
gemini-3.1-flash-lite,web,c3ce89,0.5107650625551059,0.2919478242283099,0.697752085936714,0.47741234471413324,0.361508322909539,0.5738959728739668,2.3445298158633774,0.7585176338501254,3.602586099581382
gemini-3.1-flash-lite,web,ce9bfe,-0.03969601753182372,-0.05156476109855027,-0.01586484836013713,0.03719832779010579,0.036456337098033045,0.038249910782540586,10.09958406610465,10.092712120814157,10.10960089618259
gemini-3.1-flash-lite,web,d48310,0.39079024555335257,-0.07791083516144454,0.5098305540116074,0.3604900122455651,0.032781989659620286,0.4295478757117221,2.3971089109651045,1.339553865674544,10.316901639983042
gemini-3.1-pro,desktop,075286,0.5066701995940066,0.44429863780238477,0.558831147286918,0.49501571610772127,0.4509996873654646,0.5338669236039026,1.9538313209368319,0.860288338934728,3.234450657441207
gemini-3.1-pro,desktop,1fdbf2,0.5143799167466793,0.4059829568821525,0.65169264804812,0.5784427503381014,0.532413510769844,0.6301729970465985,0.6548146848276807,0.5342672134439914,0.7590651910166923
gemini-3.1-pro,desktop,2bb7d4,-0.10327386599558737,-0.15073453615827936,0.23058674278901697,0.0849120018228988,0.04221025041965775,0.45428694647330387,8.421959456825938,1.1714305134337455,9.256255142944513
gemini-3.1-pro,desktop,2fe128,0.22054397700720457,0.15125229685150077,0.33445842512596263,0.44123674085132814,0.39900060045991564,0.4936048249959915,1.1550666128691467,0.9697300052202495,1.2941820809117572
gemini-3.1-pro,desktop,3ec21e,0.7786365285625954,0.7464107864909746,0.8306808564469796,0.6912532192111094,0.6692938285725013,0.7194864534676898,0.3769353511914201,0.34450953881102175,0.4066963299135116
gemini-3.1-pro,desktop,5a6a69,0.06450144908835083,0.051667812058536974,0.07251946910374192,0.1384388975617398,0.12103277512848079,0.15293040492758747,8.216327705605309,7.754866088009364,8.927616365023438
gemini-3.1-pro,desktop,67225a,0.26125750005233156,-0.14261317455798717,0.6696137298806029,0.26538741728437343,0.00013464613621224427,0.6324394510617708,6.528350068949349,0.45880525942237227,11.109083752297092
gemini-3.1-pro,desktop,7cc04a,0.24574820943782089,-0.13653017716706148,0.6773984353031783,0.29803030106658335,0.00793929654268281,0.5993869202886979,5.410955304190595,0.5181792313928358,10.502356175989844
gemini-3.1-pro,desktop,b5dab9,0.29155622258040004,0.20118392838941268,0.3887205716089306,0.3514740678926475,0.2166480596665405,0.4878779075306729,3.569403026896038,1.1481059817055186,5.702386742100826
gemini-3.1-pro,desktop,f9e25e,0.3545328509684459,0.21706731635755838,0.41852459652220064,0.5973039016264595,0.536133419119559,0.6160996230830097,0.6330881940646276,0.5787932436931785,0.8508068269836888
gemini-3.1-pro,mobile,1b307f,0.27913907558831996,-0.07545394434080524,0.5321402627353031,0.3706752847583151,0.06686965994012364,0.5500787406679057,2.5955249815123276,1.069140700203433,6.321455004481051
gemini-3.1-pro,mobile,1dd09f,0.15341341602969083,0.05562504994244902,0.37594821588579863,0.2927899886629031,0.23144153093587813,0.443346763733754,3.73145978262989,2.5021059140976045,4.192750997904546
gemini-3.1-pro,mobile,3664a3,0.5707920646847782,0.33468954889203556,0.6855010935014735,0.6083682162944417,0.5070919075418027,0.6821885290940778,0.575220947558657,0.44076700826261966,0.7532574653154276
gemini-3.1-pro,mobile,3d29ac,0.035539364894150806,-0.0662290430835089,0.19348731261163835,0.22179388350068105,0.004096799236195566,0.41575535611265524,5.18608066419268,1.8990763720899122,8.952371917327591
gemini-3.1-pro,mobile,4ae90b,-0.14755510544336453,-0.16701292437651485,-0.05943237061713151,0.03199183852732769,0.0,0.060976773294747,8.475032419737348,7.941508920583033,9.169296385518424
gemini-3.1-pro,mobile,587857,0.4007350180220495,0.38212988661335956,0.4544328387001525,0.40458449849087075,0.34117232757006327,0.46278261469963006,2.835152006892388,1.9090649545841578,3.8146345842795397
gemini-3.1-pro,mobile,58b56c,0.3360020729405243,0.30845725433097415,0.49271043340740694,0.3829858723466355,0.3757653693985482,0.4243274388305859,3.1260414503934895,2.8466794390057295,3.1701468660566703
gemini-3.1-pro,mobile,a77bd5,0.305922552257186,-0.05845216762315204,0.4462005343848937,0.2650940887876101,0.0,0.34979086062857545,4.73231164443504,3.3586862528457506,9.146568509641481
gemini-3.1-pro,mobile,ebe076,0.5016126009650241,0.31887016632908083,0.6498272540317458,0.57451421420901,0.5107892657986677,0.6543202355796445,0.8363027092006595,0.7431696153263827,0.9444888202724806
gemini-3.1-pro,mobile,f30633,0.1470665660135582,0.026407364217078108,0.31709479476935964,0.3245378983610646,0.2644102811685063,0.40562968094073526,3.407149487536315,2.4637798379685703,5.669903076002042
gemini-3.1-pro,poster,0b81bd,0.18067760860007182,-0.08289887989661789,0.5697984405152878,0.18596703393246178,0.0,0.5066311423020663,6.606009769346289,1.3377949487484273,9.831195291948896
gemini-3.1-pro,poster,4ea758,-0.09622095463056678,-0.10436984203113747,-0.08806626908056894,0.020905796879371136,0.019803086485825634,0.02207632770347363,9.697549415654034,9.684904566111147,9.713477837245325
gemini-3.1-pro,poster,6a889e,0.40726153261062004,0.2535468584621777,0.5905596945628151,0.5055603229615245,0.22378566725760365,0.5740231109889536,1.4179557959025926,0.6224096024738043,7.312429429819677
gemini-3.1-pro,poster,98474c,0.004303297042856116,-0.1595591860106152,0.8218789575679664,0.15962000973176604,0.014367650177270853,0.7304303769982454,7.303279820880206,0.2866640359364035,10.287698921329715
gemini-3.1-pro,poster,aabc06,0.46646445384876467,-0.009298753976676913,0.5276972331904157,0.4714644693359273,0.04127597887472105,0.525156314817423,2.6827357222549133,1.9255148564971798,9.024569577426721
gemini-3.1-pro,poster,bb34f1,-0.024289181076016762,-0.029160571717952666,-0.0235478910176443,0.002853502881313456,0.0028416030067936397,0.002931225925116072,9.685763163476306,9.684507912242527,9.685977391803794
gemini-3.1-pro,poster,c08f50,-0.023965171381339107,-0.19725352313389394,0.17610740823198653,0.10056725125100159,0.0,0.4222773957475706,8.654719425553976,2.283607498530586,11.232430006523336
gemini-3.1-pro,poster,c9b04c,0.6164785975198607,0.592310478170968,0.6486384445234252,0.5808832558340824,0.5724150535900635,0.5929630207245992,0.5587813236116996,0.5194444212734572,0.5752038327636435
gemini-3.1-pro,poster,dd0d82,0.14658479040794845,-0.09328035169465683,0.6309348104397807,0.20738430918045503,0.0,0.602231538662328,7.193069238488488,0.9598357723709809,11.2604911132344
gemini-3.1-pro,poster,fac314,0.37452458056849103,0.17765114724360803,0.5009189575065982,0.38572444586512133,0.31546954272328387,0.41389916157026374,2.9029929656914133,2.0161644632990554,3.4760184347833016
gemini-3.1-pro,web,0f8ece,-0.04663934703833643,-0.09451086852289267,0.18251932868201298,0.030752115237639367,0.000371262288266552,0.2977968161124175,9.064169705742605,4.13965629582568,9.635564016503206
gemini-3.1-pro,web,52a3d2,0.08379166598499083,-0.01086154912237186,0.4045925894307747,0.2089882803730409,0.13326262870314082,0.3525498569593155,4.722727635624703,3.1218916078383243,5.681484054360033
gemini-3.1-pro,web,60593d,-0.14384814397554882,-0.15779068636859,-0.1203644942973954,0.0060517394234816365,0.005437144972244488,0.006346084729590504,10.802670986089646,10.801127365234532,10.805528284662337
gemini-3.1-pro,web,61707e,-0.0870593570460531,-0.1609393954244177,0.006245864944021682,0.3216134210022739,0.1342364961464503,0.3887522944444507,2.9481618932388924,1.7518505718686346,6.9482417212721685
gemini-3.1-pro,web,69a8c4,0.027519614034456585,-0.049282042539672236,0.0417661482978913,0.056491523549660194,0.05300535583106548,0.08569804958462156,8.594416822880659,6.710790634988694,8.82864710822466
gemini-3.1-pro,web,927a3c,-0.09568923127654091,-0.12879705758050053,0.06628457105583353,0.04800101837752566,0.002011313743772718,0.3152445904991663,9.661871099702136,1.8248171165133713,11.094416938149736
gemini-3.1-pro,web,a4d155,-0.006444638657248651,-0.11346350858995324,0.42440788336181856,0.15806424684329423,0.03190046297689039,0.4726733838524457,6.755007495942763,1.257047217032138,9.956571309216358
gemini-3.1-pro,web,c3ce89,0.16220050589213364,-0.0772390184540494,0.5415693578889642,0.20028748533721616,6.798710777722443e-08,0.5336523213125234,7.10707585347146,0.7497107554565727,11.0906706016238
gemini-3.1-pro,web,ce9bfe,0.10468879199791932,-0.047308692325343106,0.3953594967384296,0.22746464114296874,0.0,0.4369886715099755,5.286638319717432,1.5533217191546802,10.58845023602661
gemini-3.1-pro,web,d48310,-0.07464868960269615,-0.08057260122170848,-0.06631849910484988,0.03619378111853393,0.03412347562090601,0.03747499532773906,10.297335889318058,10.289680931046467,10.309500055762523
gpt-5.4,desktop,075286,0.551585299807513,0.4959744275635659,0.6315402603201452,0.540812322767113,0.4993537173267179,0.5798401884190377,0.9336645090584852,0.6778515334103605,1.2613387327709615
gpt-5.4,desktop,1fdbf2,0.6557872466279528,0.5292560127131217,0.7760670449682618,0.635874722750996,0.5803527188253012,0.6894930426190852,0.5234910168786363,0.3511943140601027,0.8168762418636504
gpt-5.4,desktop,2bb7d4,0.4883135368877828,0.38146634336403185,0.5896332810195554,0.5756217195109754,0.5512682737197973,0.6025300025998437,0.7024031848285773,0.5712121847071732,0.9661594684588009
gpt-5.4,desktop,2fe128,0.39882756969651273,0.3261151491932276,0.46793237816109384,0.5150270242071451,0.48493487234336974,0.5474806878006169,0.9038451358844517,0.8267876325156915,1.0137228689863107
gpt-5.4,desktop,3ec21e,0.7000044469918182,0.6333505244162947,0.7443635199808384,0.6404814038376567,0.6061760996601988,0.6706707825474106,0.48209778297903877,0.4112087865397801,0.5874147754040916
gpt-5.4,desktop,5a6a69,0.42752397688410915,0.3389660969642038,0.5196345421628773,0.519435453135359,0.48237110483204154,0.5617877779199849,1.0409410451851886,0.7276617567553023,1.377724860370213
gpt-5.4,desktop,67225a,0.6617407149239326,0.40442906134323053,0.7994233972718372,0.6255973382269862,0.49202919147970486,0.7010766012545993,0.4680355691265269,0.3084465043385555,0.8012515001015864
gpt-5.4,desktop,7cc04a,0.6113441709117465,0.5389825252993375,0.6801233481786575,0.5776747146941488,0.54235767389524,0.6074121948889817,0.5912399372787317,0.5096114163273722,0.6864443516149545
gpt-5.4,desktop,b5dab9,0.41047293717612565,0.32414396798579526,0.489677639538744,0.51061486942294,0.4683606677794161,0.5565479088647065,0.9855255771670255,0.8020707069945422,1.2159095308225254
gpt-5.4,desktop,f9e25e,0.4817234214999916,0.4026370757239157,0.5542212825801902,0.6344969308544621,0.6121882059136923,0.6540637386956096,0.46967098729758305,0.4022131060059675,0.546888378005671
gpt-5.4,mobile,1b307f,0.4860467952695261,0.3762852001877931,0.5808360572078092,0.5161142117800701,0.47533033043042705,0.5689448174903263,1.406102778899348,1.0810788076691058,1.6228771343988657
gpt-5.4,mobile,1dd09f,0.2705628340148379,0.202384067290454,0.3673529452806892,0.3887052741979286,0.34683411677972287,0.44094871785198453,2.4861806888151636,1.5823266051346283,3.3078588926449317
gpt-5.4,mobile,3664a3,0.6189692503557513,0.5270722415260373,0.7168372592410458,0.6156651681848435,0.5783384746031042,0.6560902985583126,0.5373387544529715,0.42160546253069753,0.6666929931721763
gpt-5.4,mobile,3d29ac,0.22466067662531236,0.17529683574663538,0.2712391402971578,0.42852095078277497,0.40526543160599915,0.4476331390421868,1.9320058125859212,1.7940427821933036,2.1192826338142527
gpt-5.4,mobile,4ae90b,0.17056685905386113,0.10947403263395417,0.2445034558014033,0.4100834363237105,0.3869381454977412,0.4323530746583514,2.100787354733176,1.8834886875449572,2.339497228973633
gpt-5.4,mobile,587857,0.32086931513623307,0.2228089435192987,0.3947534390077645,0.427169694851855,0.3550393887746015,0.47952727612362944,2.38245713253836,1.73224132716219,3.0087315091265294
gpt-5.4,mobile,58b56c,0.4862254966525958,0.3745091012902826,0.6138165150501309,0.5099915470716321,0.4281522626495069,0.5668060876030687,1.7118802311638857,1.4444301773241424,2.1504206657077805
gpt-5.4,mobile,a77bd5,0.1811399277018964,0.08058510649316214,0.29556046298910427,0.3398769330785639,0.2907051587919507,0.38254299898671884,3.520172943824055,2.902584758731977,4.120140689071384
gpt-5.4,mobile,ebe076,0.6197306124935346,0.5108265746072667,0.7467273663377385,0.6412716508028058,0.581716607401338,0.7026258886743454,0.6083527846691832,0.4163439583932688,0.7079301264099154
gpt-5.4,mobile,f30633,0.33305094572482713,0.23180615116548997,0.4172549519229008,0.4427443547101448,0.39405803786588167,0.48971187992192067,2.190448762332152,1.9284407651479858,2.5711854489969466
gpt-5.4,poster,0b81bd,0.5508978537906242,0.41972396729663164,0.6610138217728003,0.5146888515128063,0.42997144811908516,0.5841069781675612,1.2085965616407779,1.0594441037026552,1.632547903728169
gpt-5.4,poster,4ea758,0.5853402795076096,0.5209555539785371,0.6724752499656722,0.5517767967683099,0.5210683287347755,0.5932213754720368,0.9952126125941019,0.744096619358118,1.3626417172528034
gpt-5.4,poster,6a889e,0.29284250931901357,0.15514019280130018,0.4179313315192859,0.5195725636188857,0.4960911137307368,0.5571643126991167,0.8232008175027632,0.7039692645255667,0.939107800860361
gpt-5.4,poster,98474c,0.6661602480962883,0.5636107540575287,0.7306261809969135,0.6389709273862609,0.6058085850899273,0.6643682859179847,0.4649069398743787,0.40358563007154336,0.5269810283174547
gpt-5.4,poster,aabc06,0.4320328908247807,0.3193171304874477,0.5020481025862457,0.49095830624056874,0.42019400434157084,0.5394726273934622,1.6070168713404436,1.0853837840324125,2.320531013963921
gpt-5.4,poster,bb34f1,0.541014514848346,0.46791267649017676,0.654254766654971,0.524619777866429,0.48020317963187364,0.5791790099017515,1.462917111027017,1.2631726435339528,1.6853653117054481
gpt-5.4,poster,c08f50,0.5229248406730063,0.4281322350309487,0.6052799627565455,0.6336158810568413,0.5973555869864812,0.6576073127366666,0.4575064641125449,0.3966894625170851,0.5331122108347297
gpt-5.4,poster,c9b04c,0.3671551108163735,0.030293511505240532,0.623815656441254,0.5183334013285905,0.4540347781367361,0.5684625492475562,0.7240958470404935,0.5661141490348744,0.99613280357312
gpt-5.4,poster,dd0d82,0.4703255452414329,0.3832329511090189,0.539351443089474,0.5234308043765562,0.4873224398530608,0.5606513327248177,0.9482522197896273,0.8176806810557565,1.1785937823654205
gpt-5.4,poster,fac314,0.5273878747882426,0.471691516022518,0.5959380307153037,0.5382378540000874,0.5044677739263503,0.5672579887741016,1.0227740785098391,0.8311259597858203,1.3174045342115464
gpt-5.4,web,0f8ece,0.3170237079349062,0.17865237738774462,0.4106706330205211,0.42717299461886515,0.3621791972892212,0.4710647005295911,2.176673424568403,1.7087284140442662,3.230189110584977
gpt-5.4,web,52a3d2,0.37987045853778956,0.28896185800121393,0.4894279134588104,0.45135543920482724,0.4082291653487907,0.49007949988064314,1.7203992158153774,1.3548599449855605,2.0381290840433044
gpt-5.4,web,60593d,0.21090430811932137,0.02807362085652253,0.3698115342419662,0.4232185355711854,0.356288515553541,0.4940484990262968,1.2898161716182144,0.9388923555907244,1.878139722189549
gpt-5.4,web,61707e,0.12927581938276614,0.02483817507065035,0.23611857936845587,0.4381100107134944,0.40431708126803423,0.4600707424183686,1.2946221873467088,1.1285331582284872,1.5386275356933359
gpt-5.4,web,69a8c4,-0.03379583146858868,-0.06669737220951719,0.053990841242842126,0.3715019173619398,0.350429058928425,0.4118923174836466,2.414539514750216,1.856979202665394,2.8391867503047767
gpt-5.4,web,927a3c,0.23263699569992996,0.06536043029487199,0.32840388758727046,0.37420058100858583,0.3414675171893551,0.4053384928333129,1.2335129403080187,1.0958374720570698,1.4133742927207242
gpt-5.4,web,a4d155,0.506398197204881,0.3515389988971267,0.5619638466997678,0.5110616255748942,0.43899509182330243,0.5289511780105088,0.941164501881498,0.7931641524867439,1.2728414021494168
gpt-5.4,web,c3ce89,0.5550519594865635,0.3829428000347288,0.6628609487306347,0.5730525730481467,0.49255846406722725,0.6167826704023962,0.6614079445854502,0.509433636045862,1.0278058084026984
gpt-5.4,web,ce9bfe,0.340210041382069,0.08055436312578441,0.5868059903082501,0.4294297341875521,0.34073874945547356,0.5161136265708712,1.4337494518426062,1.0261738855321982,2.4582210939078437
gpt-5.4,web,d48310,0.43418468961394413,0.3021186843416957,0.5266348691161791,0.382916139716826,0.34486072001958423,0.41972791921316177,1.5016320404439034,1.1833415514616172,1.882874934122091
gpt-5.4-mini,desktop,075286,0.5257928362289526,0.41498571649611704,0.6792289806708216,0.5194478524209203,0.44780257189375916,0.594025135080374,1.2559078100679617,0.9569488971956424,1.84913631482533
gpt-5.4-mini,desktop,1fdbf2,0.4936703279136746,0.30716139041802704,0.6012172322090692,0.545931069621468,0.4811490304373644,0.5898102554775732,0.7134414180559969,0.608324039731405,0.9020015139807281
gpt-5.4-mini,desktop,2bb7d4,0.2755895224657742,0.16594631240307345,0.37127290214306197,0.4840242529248469,0.4427889145176196,0.51487366000848,1.0069162450129698,0.8326190312755266,1.26437399360705
gpt-5.4-mini,desktop,2fe128,0.19375323528184588,0.07225845223584693,0.3318895828227757,0.4317257202889011,0.3746146044579055,0.472946649030734,1.2807628630708954,0.9931452599822852,1.9829267721682673
gpt-5.4-mini,desktop,3ec21e,0.5816983014509315,0.28640874511071474,0.6849162452027568,0.5642795393536897,0.4549712107769931,0.6043174173966556,0.658669160003174,0.5442876554334761,1.1522442987157635
gpt-5.4-mini,desktop,5a6a69,0.290713135814339,0.1780402756168555,0.42845164065894015,0.4545539291000099,0.42388432454581915,0.5088415205673391,1.1552528429318056,0.8310209457133474,1.6365381894145217
gpt-5.4-mini,desktop,67225a,0.5766251155064213,0.5037778141792475,0.6865276992275717,0.5558321531629405,0.4864933949492087,0.6029105080490258,0.6547051743647542,0.5113599139013123,0.8422678182929162
gpt-5.4-mini,desktop,7cc04a,0.49981433017857874,0.36535711154086914,0.6197052062983599,0.5174825817371217,0.4823402446625056,0.5630492846134966,0.807621488463614,0.6247499111476886,0.9535014667749195
gpt-5.4-mini,desktop,b5dab9,0.36261820901475994,0.26683432670880497,0.49743255464673786,0.4990194817331405,0.46297178028726566,0.5509520696039844,0.8714056525390262,0.6671652746607772,1.0499495775114887
gpt-5.4-mini,desktop,f9e25e,0.04365278485154202,-0.0926235037910147,0.19372407717480292,0.5072924795685524,0.4724805285142721,0.5478390300965535,0.9007079828837046,0.7617650931846658,1.0298290724678223
gpt-5.4-mini,mobile,1b307f,0.2852949797420344,0.13978804216882706,0.4714485592577275,0.39163591863879743,0.3101659389197476,0.5204521623297969,2.2098284948881934,1.1724484664565726,2.927481214858692
gpt-5.4-mini,mobile,1dd09f,0.08387303359042353,0.01964177765911447,0.1496909773336199,0.28418087696361477,0.24675380799814645,0.3077555774014171,3.47829923495629,2.800469372287926,4.339253884089174
gpt-5.4-mini,mobile,3664a3,0.4489147473069225,0.35794350487505044,0.5730935044600447,0.536496146502804,0.5099861045510224,0.5771693686825694,0.7409214473565562,0.5716030594368731,0.9908935357736781
gpt-5.4-mini,mobile,3d29ac,0.23384289434502675,0.09899176704039987,0.3449923051031406,0.45458286131150294,0.4135011574767884,0.5042049375516107,1.8352258692149088,1.461316150554505,2.329776364352649
gpt-5.4-mini,mobile,4ae90b,0.046694368229866744,-0.02445049679085265,0.1313766460340933,0.3607720662266511,0.31865143750639213,0.4181381667189591,2.6086336385583424,2.0938659257680916,3.1507532300803356
gpt-5.4-mini,mobile,587857,0.2033976333271978,0.0052017747625394545,0.3510738477035231,0.3672247192223975,0.27000993241413807,0.4524712843143318,2.8299330603255504,1.3614700669644795,4.01195439054322
gpt-5.4-mini,mobile,58b56c,0.21372492955283223,0.10206740657260618,0.29067572541170067,0.36195202099204976,0.3043854899023849,0.4581346277640693,2.687867865773625,1.6835905834221268,3.4928207716717474
gpt-5.4-mini,mobile,a77bd5,0.36698654616786974,0.21301744470507655,0.4433402335168419,0.4614364712232402,0.40364241424084557,0.5157459941424599,1.940343229304629,1.3367417220858968,2.5230061069419736
gpt-5.4-mini,mobile,ebe076,0.5389468347973914,0.3213236756509516,0.72741181588692,0.5939990675469071,0.517226940065868,0.6922978019749295,0.6450850745173657,0.4823614734512398,0.9625705349420781
gpt-5.4-mini,mobile,f30633,0.05131648354211558,-0.05014621043930673,0.1160267898205577,0.3409321225015012,0.28165341982975345,0.38410273788951865,2.7259390016550444,2.030879092303236,3.2498669180605813
gpt-5.4-mini,poster,0b81bd,0.5579397240582716,0.49657338104054194,0.6339089125319468,0.5116353416437547,0.4699617659606772,0.5576596303131999,1.4020887159365594,0.9939180857689299,1.8799456342046088
gpt-5.4-mini,poster,4ea758,0.4199104194674952,0.31929811944582454,0.5051192609999814,0.46624680083058256,0.42118153999075314,0.5054616303949797,1.1021202005556394,0.8693561340955009,1.4975746234781924
gpt-5.4-mini,poster,6a889e,0.3723600674893683,0.23314253110347852,0.5430007265653121,0.5015999263422566,0.4859747737147152,0.526965594856025,0.8317814753286991,0.7471326791302283,0.9077026495363493
gpt-5.4-mini,poster,98474c,0.388982109761694,0.2342393901223211,0.5490486690690826,0.535254857617349,0.48831894929942415,0.5842441340549176,0.7336980137537397,0.5831102923808458,0.8554108845536939
gpt-5.4-mini,poster,aabc06,0.24745539183584625,0.10279879397671718,0.383881160001715,0.4046558853862342,0.3300691424149976,0.4879616450164113,2.29085911537108,1.2962670819545679,3.1879594084537315
gpt-5.4-mini,poster,bb34f1,0.630861989623862,0.5378731904451199,0.7002242734966787,0.5560907677779006,0.5300125572163118,0.5983631146112369,1.3384443503525207,1.0639427959644476,1.604757951753269
gpt-5.4-mini,poster,c08f50,0.43012931606364335,0.3365916200993534,0.5271406914064938,0.586914964688876,0.5679286502219968,0.6150839888783223,0.5693114842474969,0.49108629359283046,0.6556106786845162
gpt-5.4-mini,poster,c9b04c,0.38553648709717814,0.21682501507849247,0.5302055707940444,0.5103058596156644,0.48748882617552997,0.5283399124958665,0.7372191312205498,0.6868902521143451,0.8045308625527832
gpt-5.4-mini,poster,dd0d82,0.24538481221997688,0.12461499054269246,0.3361396104795135,0.43713355286362,0.37451245836996394,0.46315288752021605,1.1306576585160648,0.9161983629195128,1.717538804888226
gpt-5.4-mini,poster,fac314,0.3015708741472759,0.17087091684832356,0.4301112325184857,0.436556354717223,0.39132236333567283,0.48563740908198916,1.4818911652317772,1.1534082711641271,1.7594304739161584
gpt-5.4-mini,web,0f8ece,0.112670496542848,0.02332294878217846,0.1478302781633566,0.33690930879139636,0.29833353857854594,0.37568104576380346,2.5426316590550004,1.6857623114483737,3.4610384689445186
gpt-5.4-mini,web,52a3d2,0.16970755854470893,0.08974801296114837,0.29286355848862144,0.3644900677708805,0.3169427532198894,0.4089080256984799,2.2005576191821135,1.9152932874537616,2.5864682258068528
gpt-5.4-mini,web,60593d,0.23926716718971625,0.0518480303684577,0.5125479646682646,0.438603900358873,0.38456249385866,0.524590221339261,1.1576146712076194,0.7699375782101664,1.5058144817489172
gpt-5.4-mini,web,61707e,0.11974323042014404,-0.08736011166533558,0.3012163777612688,0.4489181116873957,0.4033027333848872,0.48225378418560705,1.124400854388646,0.9126786041314577,1.4547302657286725
gpt-5.4-mini,web,69a8c4,0.203509182687879,0.13029389154894566,0.2998703922381728,0.46102179595174453,0.4355670188385944,0.4912248342302445,1.1822296149300457,0.9755036922832361,1.456050435681825
gpt-5.4-mini,web,927a3c,0.2158409198669077,-0.13382075543988206,0.40039063276311654,0.38031902968441644,0.3163426064511884,0.4260835970222356,1.3543584576805014,1.0076051524268812,1.9690659791368308
gpt-5.4-mini,web,a4d155,0.407228421626957,0.20432916020498187,0.4809113674388389,0.4809376133557929,0.4215875586701905,0.516308976371662,1.0114142772543737,0.8034132959883464,1.4180022559352443
gpt-5.4-mini,web,c3ce89,0.5120066266513116,0.3519329524835273,0.7034677012659772,0.5026632569748118,0.4323312733040961,0.6046647048726943,0.9765105028014386,0.6486759407900886,1.34346755369057
gpt-5.4-mini,web,ce9bfe,0.3117896630649205,-0.03084896188153147,0.4871018808580691,0.3902217636956812,0.2652124421660559,0.45809279425695926,1.56284331225041,0.9970201612412315,2.3090312663433967
gpt-5.4-mini,web,d48310,0.23379983560011414,0.11428799060921216,0.5142958057387856,0.3071989732979342,0.25547235460880424,0.3686247146802816,1.9914205494171013,1.548366336450493,2.849979001595945
qwen-3.5-plus,desktop,075286,0.6720197295209301,0.5523108593145747,0.7328950597119988,0.5981945557856647,0.5369173859689739,0.6317994706507652,0.841128583746723,0.5955654816846512,1.069965701898718
qwen-3.5-plus,desktop,1fdbf2,0.564914938341432,0.4015133031975813,0.7072580229036344,0.5940807605783958,0.5401238311864529,0.660121804514319,0.6119490114096403,0.4583490077290263,0.7488460171579036
qwen-3.5-plus,desktop,2bb7d4,0.33736994814780297,0.2400341645962487,0.43027412701641216,0.523045466386294,0.48828178643336473,0.5633131008903008,0.9233340732859775,0.7537695566396931,1.0527234452098728
qwen-3.5-plus,desktop,2fe128,0.3233411838302754,0.24501857206753708,0.4839816364729903,0.48695543865829205,0.46004490995830155,0.5531713017225162,0.9199679428389071,0.7332237788423196,0.9975934892949211
qwen-3.5-plus,desktop,3ec21e,0.7272905512120078,0.6508629622998439,0.7846327574629508,0.6527591000303337,0.6029030224554623,0.6858813400451516,0.4631599785348811,0.38751443159805576,0.6173049050691897
qwen-3.5-plus,desktop,5a6a69,0.3661800454271567,0.29810044427486415,0.4005369105402927,0.5009497530652249,0.4852859658944212,0.5121743884787007,1.0544642391879375,1.0116000379754995,1.1416178856803825
qwen-3.5-plus,desktop,67225a,0.5667822811490518,0.36461942963984406,0.6997769109357368,0.5617654732620853,0.4486453979684894,0.6186399678409016,0.6301099184478005,0.4808897137387163,0.926420845826954
qwen-3.5-plus,desktop,7cc04a,0.6648805236474431,0.5828086240331185,0.7200003534183108,0.5933606591049178,0.5643009540500801,0.6218163978040683,0.521817625115415,0.4567183656908042,0.5812196593737399
qwen-3.5-plus,desktop,b5dab9,0.45863148027702083,0.4098762514607871,0.5400203274591512,0.5370139863019125,0.4820501073811471,0.5911667229993356,0.8673642762161002,0.6611953539284047,1.1483779040317144
qwen-3.5-plus,desktop,f9e25e,0.26412530509305865,0.12357041333354121,0.39913011654917463,0.5718187459445339,0.5367391378502355,0.6141837814868534,0.701697381231823,0.5802853438665695,0.8892232238244385
qwen-3.5-plus,mobile,1b307f,0.4461022328885712,0.3368717671128113,0.5046297745731021,0.5136110315524361,0.46036488471303744,0.5475005870897871,1.329416004040062,1.1800051693315756,1.817014563010474
qwen-3.5-plus,mobile,1dd09f,0.32190901417482537,0.2324683323832139,0.4754005016122056,0.4248527866683337,0.38470567540096595,0.47854297586924854,2.3498113224460626,1.804154229508809,2.793631018372384
qwen-3.5-plus,mobile,3664a3,0.6080043196234619,0.45750078028002916,0.7135581364427067,0.6145114698285007,0.5371943408113236,0.670294051389852,0.5048027772386797,0.4165664212320582,0.6608997179991976
qwen-3.5-plus,mobile,3d29ac,0.2884386790823573,0.2173362876034153,0.413507938604582,0.4797619518758802,0.46090931249726186,0.4982970669541793,1.4621671630971254,1.3540539015795563,1.62323752782275
qwen-3.5-plus,mobile,4ae90b,0.2835723128470741,0.23614638188757878,0.3337836112051671,0.46245705524207964,0.4412076943091917,0.4959487603374497,1.6859553350496852,1.461272198141633,1.855980242082051
qwen-3.5-plus,mobile,587857,0.37777703059044965,0.28499931629147846,0.4681902975552289,0.4652172416277386,0.4158764692765069,0.5007977396409137,2.332625022647717,1.7060707480653092,2.903287718825239
qwen-3.5-plus,mobile,58b56c,0.5858805073759948,0.36606108277202354,0.7059129018895658,0.5808432009300016,0.43055243200868665,0.6200543630034373,1.1195164360165013,0.8364064140097062,1.9795805656051118
qwen-3.5-plus,mobile,a77bd5,0.3636265047103849,0.29440302669664464,0.43401139666825905,0.4234123561386462,0.3800427522926689,0.46806144730265475,2.4948707353124338,1.9939447450207424,2.913253461558813
qwen-3.5-plus,mobile,ebe076,0.6627717856416768,0.6044116207232821,0.7288168990380121,0.6611127206730439,0.6242167429304692,0.6912798100397937,0.45353338662164794,0.39912919127453883,0.5321226643577015
qwen-3.5-plus,mobile,f30633,0.3446428872947688,0.2702046050720711,0.43882280952336683,0.464891210684247,0.4244355294177811,0.5251141165318276,1.7651983919287186,1.3156309306186096,2.129331763583255
qwen-3.5-plus,poster,0b81bd,0.5494078688770396,0.5081928989696092,0.5748784068353578,0.5156348576222133,0.4828679521785735,0.5460619235421873,1.1190761103258116,0.9503617137884375,1.228444335798073
qwen-3.5-plus,poster,4ea758,0.6232945583546122,0.5818441056814629,0.6847178162813754,0.569145629839306,0.548223632347816,0.5930802581159282,0.8791477149123873,0.7092089582230637,1.0057071603185057
qwen-3.5-plus,poster,6a889e,0.6183387142119161,0.5686170069674396,0.653576596318626,0.575623085554383,0.5494710858010092,0.5917124865580152,0.6091094414659529,0.5647372163260989,0.6829757447307624
qwen-3.5-plus,poster,98474c,0.8062602504098868,0.7601394325491404,0.8461879001003119,0.7211624229373005,0.7011195949576413,0.7576736556779797,0.28896847925659336,0.21473462477157831,0.3367697921216533
qwen-3.5-plus,poster,aabc06,0.45681951918949915,0.3699668682209858,0.5256331998973821,0.5111526862453954,0.4659946702736279,0.5406116088937096,1.2601556425911877,1.0417648548438765,1.5700281863434093
qwen-3.5-plus,poster,bb34f1,0.6978833202736511,0.6272701515272829,0.7365422752285498,0.5776834707831762,0.5455279802327354,0.6031136222908813,1.1355412581255888,0.9557355607763124,1.2918384783204304
qwen-3.5-plus,poster,c08f50,0.599551986628847,0.4955110072378537,0.6619852857863545,0.6602329882741571,0.6250165118643828,0.6900073999046864,0.37907783046680066,0.31411741520874126,0.45703750346386757
qwen-3.5-plus,poster,c9b04c,0.579453346748781,0.5019322601701637,0.6471506398724275,0.5707170670747701,0.5571985191594293,0.5916360263927448,0.5739060948941437,0.5269649455770965,0.6074936961695868
qwen-3.5-plus,poster,dd0d82,0.7774916111071338,0.5926818603462298,0.8292704631927847,0.6727945330941998,0.5895408675219529,0.7128013376642711,0.4215159143529458,0.3530383170507795,0.6009596500363577
qwen-3.5-plus,poster,fac314,0.388782878273498,0.2626972235444701,0.5650881824646601,0.49439930289416595,0.4456893130908034,0.5538566522352656,1.1993142172856086,0.8871074801901226,1.594723068190941
qwen-3.5-plus,web,0f8ece,0.5186258151676202,0.44281428453935157,0.621175557112947,0.531346192588044,0.49069365500211676,0.5709965640645788,1.2883038160310796,0.9364380518686576,1.6447271263409244
qwen-3.5-plus,web,52a3d2,0.4256996510172266,0.3719585379555381,0.46313259640609283,0.4573511678094876,0.4227866989117254,0.4822012339933087,1.6728043440492104,1.3467165819863567,2.2134136510009528
qwen-3.5-plus,web,60593d,0.27406557128795545,0.18837551032061195,0.3932056327070383,0.4382524840904078,0.4128872643930108,0.48170630480600884,1.0772781305895127,0.8757799744099871,1.2675473733045448
qwen-3.5-plus,web,61707e,0.09526352625834775,0.0034030982764526006,0.24840539868276396,0.4250560923113527,0.38846509511447846,0.46792190285613544,1.4145564198426137,1.1807119272151165,1.6069967003181909
qwen-3.5-plus,web,69a8c4,0.29543236584396454,0.2269615366175366,0.3804594408804586,0.5030515797842301,0.47076119496941315,0.5416489048895452,1.4073197068580292,1.1390332736666147,1.7227146050016355
qwen-3.5-plus,web,927a3c,0.38569932144137115,0.2059085144220093,0.5442076815802999,0.420647864382392,0.3802864846682744,0.47775687688779506,1.0487200027979091,0.8370482000064134,1.254085497020794
qwen-3.5-plus,web,a4d155,0.5977890630820912,0.4933399507366657,0.7235141002649556,0.5671054242733046,0.5166561446336482,0.6330890303002183,0.6689829234762288,0.5901593048785028,0.7567580218281393
qwen-3.5-plus,web,c3ce89,0.7138738159506286,0.6342789429851885,0.7755015177416869,0.6530815142721631,0.604793059161567,0.6917567461403293,0.428332850202546,0.3414610522303464,0.5181173370607249
qwen-3.5-plus,web,ce9bfe,0.3816604551409834,0.1972264881868997,0.5507130903893444,0.4682637664766788,0.3944111718096907,0.5578164938721617,1.0730079830672454,0.7746622680956053,1.5390596152472498
qwen-3.5-plus,web,d48310,0.4388926479614298,0.35640450689980196,0.5512472460000933,0.3902869643971791,0.3499442462604656,0.4345643716973072,1.4216648067454858,1.179271265642391,1.7066235728013712
