model,run,image_id,category,n_points,CC,SIM,KL,NSS,AUC,CC_partial
ui-tars-1.5,1,075286,desktop,25,0.4051809383919684,0.28530685400102923,4.406184331880651,0.6757956333210517,0.5764460049604684,0.35131361780252973
ui-tars-1.5,2,075286,desktop,25,0.12936496982863854,0.13257660723063436,6.775657970120648,0.17361143049950015,0.44314371352263454,0.12658593957854086
ui-tars-1.5,7,075286,desktop,19,0.4016876423279974,0.3140128801596698,4.10161803928575,0.6500172122441047,0.5774977633780812,0.34569793098908846
ui-tars-1.5,4,075286,desktop,11,-0.009705393023851275,0.022033885212781774,10.315450556978817,-0.00909765638139469,0.022947540839044576,0.034098805632133085
ui-tars-1.5,6,075286,desktop,13,0.40401412128151415,0.28288971656585915,4.815821302666036,0.6739779386920154,0.5558253897484131,0.35009952217884976
ui-tars-1.5,5,075286,desktop,13,0.40401412128151415,0.28288971656585915,4.815821302666036,0.6739779386920154,0.5558253897484131,0.35009952217884976
ui-tars-1.5,3,075286,desktop,11,-0.038070588575573036,0.018162169573419082,10.353885623777625,-0.07802204498908233,0.022734914392497703,0.0036311688633806887
ui-tars-1.5,8,075286,desktop,22,0.4052686858437477,0.28557390928439436,4.380124556881081,0.6759420743434618,0.5766413926058319,0.3514074775889214
ui-tars-1.5,9,075286,desktop,20,0.40168710159113663,0.31404358504280794,4.097934679747972,0.6500162316395266,0.5775128599364442,0.345699822270306
ui-tars-1.5,10,075286,desktop,13,0.4471193476814742,0.2918223899123074,4.819005725420587,0.7791934712119556,0.5564488914338886,0.39981703474718194
ui-tars-1.5,3,0b81bd,poster,9,0.004949525050442147,0.042798952559304965,9.094822545895248,0.01397383718351111,0.09733164966077833,-0.023740514080241977
ui-tars-1.5,5,0b81bd,poster,9,0.00555511540506444,0.04355450043142272,9.08797470867139,0.009696071109071003,0.09745023875032047,-0.026626999202029926
ui-tars-1.5,1,0b81bd,poster,9,0.00555511540506444,0.04355450043142272,9.08797470867139,0.009696071109071003,0.09745023875032047,-0.026626999202029926
ui-tars-1.5,2,0b81bd,poster,9,0.004949525050442147,0.042798952559304965,9.094822545895248,0.01397383718351111,0.09733164966077833,-0.023740514080241977
ui-tars-1.5,7,0b81bd,poster,9,0.004949525050442147,0.042798952559304965,9.094822545895248,0.01397383718351111,0.09733164966077833,-0.023740514080241977
ui-tars-1.5,4,0b81bd,poster,9,0.004949525050442147,0.042798952559304965,9.094822545895248,0.01397383718351111,0.09733164966077833,-0.023740514080241977
ui-tars-1.5,6,0b81bd,poster,9,0.004949525050442147,0.042798952559304965,9.094822545895248,0.01397383718351111,0.09733164966077833,-0.023740514080241977
ui-tars-1.5,9,0b81bd,poster,9,0.00555511540506444,0.04355450043142272,9.08797470867139,0.009696071109071003,0.09745023875032047,-0.026626999202029926
ui-tars-1.5,8,0b81bd,poster,9,0.004949525050442147,0.042798952559304965,9.094822545895248,0.01397383718351111,0.09733164966077833,-0.023740514080241977
ui-tars-1.5,2,0f8ece,web,9,-0.06293772032524148,0.06790481349232728,8.54518310232125,-0.09763881749458841,0.16343103515044075,-0.07223508747383382
ui-tars-1.5,4,0f8ece,web,5,-0.07420894046616192,0.048343962090377765,8.776130002011422,-0.15865242214834058,0.1524710125453777,-0.08358963440289388
ui-tars-1.5,3,0f8ece,web,6,-0.02786145888448485,0.0619081983607144,8.700889626268296,0.0750734215453103,0.13167793935150265,-0.039950175623602376
ui-tars-1.5,1,0f8ece,web,6,-0.02786145888448485,0.0619081983607144,8.700889626268296,0.0750734215453103,0.13167793935150265,-0.039950175623602376
ui-tars-1.5,5,0f8ece,web,5,-0.07420894046616192,0.048343962090377765,8.776130002011422,-0.15865242214834058,0.1524710125453777,-0.08358963440289388
ui-tars-1.5,6,0f8ece,web,9,-0.01763886218740676,0.03515128942496672,9.06628438170906,-0.06372926501813561,0.10454650921524043,-0.032548764960201475
ui-tars-1.5,10,0b81bd,poster,9,0.00555511540506444,0.04355450043142272,9.08797470867139,0.009696071109071003,0.09745023875032047,-0.026626999202029926
ui-tars-1.5,7,0f8ece,web,9,-0.05364686809746198,0.07497170190586416,8.492951493231448,-0.06489721265996184,0.16472048723683208,-0.06721871217874598
ui-tars-1.5,8,0f8ece,web,6,-0.02786145888448485,0.0619081983607144,8.700889626268296,0.0750734215453103,0.13167793935150265,-0.039950175623602376
ui-tars-1.5,9,0f8ece,web,10,-0.06279073796895954,0.06966888404926577,8.07557859731128,-0.13207037460241428,0.2358552303015498,-0.07962854955760089
ui-tars-1.5,2,1b307f,mobile,8,-0.027334136352319075,0.0,9.712459122876536,-0.04929253822275041,4.894762604013705e-05,0.011523518272912607
ui-tars-1.5,3,1b307f,mobile,8,-0.027334136352319068,0.0,9.712459122876536,-0.04929253822275041,4.894762604013705e-05,0.011523518272912616
ui-tars-1.5,10,0f8ece,web,9,-0.05364686809746198,0.07497170190586416,8.492951493231448,-0.06489721265996184,0.16472048723683208,-0.06721871217874598
ui-tars-1.5,5,1b307f,mobile,7,-0.027334136352319068,0.0,9.712459122876536,-0.04929253822275041,4.894762604013705e-05,0.011523518272912616
ui-tars-1.5,1,1b307f,mobile,9,-0.027334136352319068,0.0,9.712459122876536,-0.04929253822275041,4.894762604013705e-05,0.011523518272912616
ui-tars-1.5,4,1b307f,mobile,8,-0.027334136352319075,0.0,9.712459122876536,-0.04929253822275041,4.894762604013705e-05,0.011523518272912607
ui-tars-1.5,7,1b307f,mobile,8,-0.027334136352319075,0.0,9.712459122876536,-0.04929253822275041,4.894762604013705e-05,0.011523518272912607
ui-tars-1.5,6,1b307f,mobile,6,-0.027334136352319068,0.0,9.712459122876536,-0.04929253822275041,4.894762604013705e-05,0.011523518272912607
ui-tars-1.5,8,1b307f,mobile,8,-0.027334136352319075,0.0,9.712459122876536,-0.04929253822275041,4.894762604013705e-05,0.011523518272912607
ui-tars-1.5,1,1dd09f,mobile,9,-0.02652494119194778,0.0,9.75925738972587,-0.049292538222750405,5.923468783319512e-05,0.018506047499709008
ui-tars-1.5,9,1b307f,mobile,16,-0.027334136352319068,0.0,9.712459122876536,-0.04929253822275041,4.894762604013705e-05,0.011523518272912595
ui-tars-1.5,10,1b307f,mobile,7,-0.02733413635231907,0.0,9.712459122876536,-0.04929253822275039,4.894762604013705e-05,0.011523518272912583
ui-tars-1.5,4,1dd09f,mobile,9,-0.02652494119194778,0.0,9.75925738972587,-0.049292538222750405,5.923468783319512e-05,0.018506047499709008
ui-tars-1.5,2,1dd09f,mobile,9,-0.02652494119194778,0.0,9.75925738972587,-0.049292538222750405,5.923468783319512e-05,0.018506047499709008
ui-tars-1.5,5,1dd09f,mobile,9,-0.02652494119194778,0.0,9.75925738972587,-0.049292538222750405,5.923468783319512e-05,0.018506047499709008
ui-tars-1.5,6,1dd09f,mobile,55,-0.026524941191947794,0.0,9.75925738972587,-0.04929253822275038,5.923468783319512e-05,0.01850604749970901
ui-tars-1.5,3,1dd09f,mobile,55,-0.026524941191947787,0.0,9.75925738972587,-0.04929253822275038,5.923468783319512e-05,0.01850604749970903
ui-tars-1.5,1,1fdbf2,desktop,11,0.12618139943849277,0.18639648614340518,7.881134569369228,0.1968246036964857,0.2768326720687234,0.025750242527374557
ui-tars-1.5,3,1fdbf2,desktop,41,0.33166899271074746,0.45299321748137145,2.5639320776665393,0.46642181041786435,0.6185900695476172,0.21153537958656699
ui-tars-1.5,2,1fdbf2,desktop,13,0.17276319843001825,0.1907474309118049,7.819902888080466,0.2632634895592277,0.28679874497274693,0.08583404530615207
ui-tars-1.5,4,1fdbf2,desktop,48,0.6647753790413871,0.544824513211317,2.494540402051485,0.9681905016725533,0.6791706732084861,0.6209068903250562
ui-tars-1.5,5,1fdbf2,desktop,17,0.5645859337017776,0.5274774717396853,2.6090619343779315,0.8459583659369154,0.6603487296402283,0.5785055778131322
ui-tars-1.5,6,1fdbf2,desktop,9,0.12902218701162366,0.1863571692039942,7.910394657236976,0.2001344723237173,0.26431234645815554,0.029123338257040384
ui-tars-1.5,7,1dd09f,mobile,9,-0.02652494119194778,0.0,9.75925738972587,-0.049292538222750405,5.923468783319512e-05,0.018506047499709008
ui-tars-1.5,7,1fdbf2,desktop,40,0.4596811244141207,0.4841667781278899,2.7268352098450936,0.6238340947043209,0.6359771108198076,0.3623833575525381
ui-tars-1.5,9,1fdbf2,desktop,13,0.17276319843001825,0.1907474309118049,7.819902888080466,0.2632634895592277,0.28679874497274693,0.08583404530615207
ui-tars-1.5,8,1fdbf2,desktop,45,0.3225740807204489,0.44044914914877414,2.743265461799013,0.4588230585448501,0.6276380290874148,0.19414047386033068
ui-tars-1.5,10,1fdbf2,desktop,11,0.12618139943849277,0.18639648614340518,7.881134569369228,0.1968246036964857,0.2768326720687234,0.025750242527374557
ui-tars-1.5,8,1dd09f,mobile,9,-0.02652494119194778,0.0,9.75925738972587,-0.049292538222750405,5.923468783319512e-05,0.018506047499709008
ui-tars-1.5,9,1dd09f,mobile,9,-0.02652494119194778,0.0,9.75925738972587,-0.049292538222750405,5.923468783319512e-05,0.018506047499709008
ui-tars-1.5,1,2bb7d4,desktop,46,-0.05103499226219733,4.948735679754234e-05,10.344226883358333,-0.07999813400338061,3.890142379211079e-05,0.00015718784236933359
ui-tars-1.5,10,1dd09f,mobile,9,-0.02652494119194778,0.0,9.75925738972587,-0.049292538222750405,5.923468783319512e-05,0.018506047499709008
ui-tars-1.5,2,2bb7d4,desktop,28,0.1965027285365484,0.328602032556469,3.224461609763612,0.2713694005346353,0.5504357489296002,0.04885870111587871
ui-tars-1.5,4,2bb7d4,desktop,40,0.12496797719073985,0.4195463179481513,1.6528210729488908,0.18150303195261214,0.5939065334940408,-0.07090005635031903
ui-tars-1.5,3,2bb7d4,desktop,40,0.12496797719073985,0.4195463179481513,1.6528210729488908,0.18150303195261214,0.5939065334940408,-0.07090005635031903
ui-tars-1.5,5,2bb7d4,desktop,30,-0.05103499226219733,4.948735679754234e-05,10.344226883358333,-0.07999813400338061,3.890142379211079e-05,0.00015718784236934147
ui-tars-1.5,6,2bb7d4,desktop,27,0.01956066872789057,0.31162667670174216,2.907405923180489,-0.022928658339991935,0.5492180310302954,-0.19716155944473776
ui-tars-1.5,7,2bb7d4,desktop,72,0.05600977169779377,0.415383624155876,1.5294238071702302,0.04942269181810826,0.532901513243642,-0.18746466670318204
ui-tars-1.5,9,2bb7d4,desktop,33,-0.051034992262197314,4.948735679754234e-05,10.344226883358333,-0.07999813400338061,3.890142379211079e-05,0.00015718784236934147
ui-tars-1.5,8,2bb7d4,desktop,65,0.2678864377545036,0.47419572816137706,1.1460638051995788,0.3619870423942461,0.6470301317481998,0.08154673978669437
ui-tars-1.5,10,2bb7d4,desktop,40,-0.05103499226219733,4.948735679754234e-05,10.344226883358333,-0.07999813400338061,3.890142379211079e-05,0.00015718784236934147
ui-tars-1.5,1,2fe128,desktop,49,0.17988003421400348,0.183241285755802,7.046960876782729,0.28578463421415007,0.3936288280129477,0.14871574505038257
ui-tars-1.5,2,2fe128,desktop,25,0.13471504111188998,0.13284460276164758,8.55624981134925,0.2100489403150383,0.179081770775254,0.12771290355285023
ui-tars-1.5,4,2fe128,desktop,25,0.13471503515008926,0.1328445815667371,8.556259886603625,0.21004891680479376,0.179081418603191,0.12771289894297597
ui-tars-1.5,3,2fe128,desktop,25,0.13471503515008926,0.1328445815667371,8.556259886603625,0.21004891680479376,0.179081418603191,0.12771289894297597
ui-tars-1.5,5,2fe128,desktop,47,0.17347298660540295,0.21818573276502515,6.411824151296887,0.2777502340497211,0.3988087614974971,0.1431972141036197
ui-tars-1.5,6,2fe128,desktop,25,0.13471503515008926,0.1328445815667371,8.556259886603625,0.21004891680479376,0.179081418603191,0.12771289894297597
ui-tars-1.5,8,2fe128,desktop,25,0.13471504111188998,0.13284460276164758,8.55624981134925,0.2100489403150383,0.179081770775254,0.12771290355285023
ui-tars-1.5,1,3664a3,mobile,9,-0.09435786143593268,0.010523356608963697,10.520516746582949,-0.1401470257697207,0.01787697844569151,-0.053816559958107565
ui-tars-1.5,7,2fe128,desktop,25,0.13471504111188998,0.13284460276164758,8.55624981134925,0.2100489403150383,0.179081770775254,0.12771290355285023
ui-tars-1.5,3,3664a3,mobile,8,-0.0943578614359327,0.010523356608963697,10.520516746582949,-0.14014702576972074,0.01787697844569151,-0.05381655995810755
ui-tars-1.5,2,3664a3,mobile,9,-0.09435786143593268,0.010523356608963697,10.520516746582949,-0.1401470257697207,0.01787697844569151,-0.053816559958107565
ui-tars-1.5,9,2fe128,desktop,25,0.13471503515008926,0.1328445815667371,8.556259886603625,0.21004891680479376,0.179081418603191,0.12771289894297597
ui-tars-1.5,10,2fe128,desktop,33,0.14186670392683212,0.1278462972221884,8.620937428269949,0.22459301867984718,0.18011143849914768,0.13650131570488366
ui-tars-1.5,4,3664a3,mobile,9,-0.09457908846662653,0.010116944653922606,10.525986411028082,-0.14020686591737574,0.01784683894169438,-0.05421474781288616
ui-tars-1.5,5,3664a3,mobile,47,0.5206258182341317,0.4366782149394833,3.126092113129237,0.7803033186874753,0.7127119477289029,0.5609825002812145
ui-tars-1.5,6,3664a3,mobile,49,0.18391704128148695,0.14271041740137214,7.348575716374969,0.2967199311171402,0.7190441682296969,0.17932582052465953
ui-tars-1.5,7,3664a3,mobile,47,0.5206258182341317,0.4366782149394833,3.1260921131292365,0.7803033186874753,0.7127119477289029,0.5609825002812145
ui-tars-1.5,8,3664a3,mobile,10,-0.09457908846662652,0.010116944653922608,10.525986411028082,-0.14020686591737574,0.01784683894169438,-0.05421474781288614
ui-tars-1.5,10,3664a3,mobile,9,-0.09457908846662653,0.010116944653922606,10.525986411028082,-0.14020686591737574,0.01784683894169438,-0.05421474781288616
ui-tars-1.5,9,3664a3,mobile,49,0.18391704128148695,0.14271041740137214,7.348575716374969,0.2967199311171402,0.7190441682296969,0.17932582052465953
ui-tars-1.5,3,3d29ac,mobile,37,-0.05027351385540738,5.8880366780211995e-05,9.006883489579746,-0.04929253822275038,1.1167444665311684e-05,-0.012455465165115719
ui-tars-1.5,1,3d29ac,mobile,37,-0.050273513855407376,5.8880366780211995e-05,9.006883489579746,-0.04929253822275038,1.1167444665311684e-05,-0.012455465165115727
ui-tars-1.5,2,3d29ac,mobile,39,-0.05027351385540739,5.8880366780211995e-05,9.006883489579746,-0.0492925382227504,1.1167444665311684e-05,-0.012455465165115719
ui-tars-1.5,4,3d29ac,mobile,13,-0.050273513855407376,5.8880366780211995e-05,9.006883489579746,-0.0492925382227504,1.1167444665311684e-05,-0.012455465165115719
ui-tars-1.5,5,3d29ac,mobile,38,-0.050273513855407376,5.8880366780211995e-05,9.006883489579746,-0.04929253822275038,1.1167444665311684e-05,-0.012455465165115719
ui-tars-1.5,7,3d29ac,mobile,39,-0.050273513855407376,5.8880366780211995e-05,9.006883489579746,-0.04929253822275038,1.1167444665311684e-05,-0.012455465165115719
ui-tars-1.5,8,3d29ac,mobile,37,-0.05027351385540738,5.8880366780211995e-05,9.006883489579746,-0.0492925382227504,1.1167444665311684e-05,-0.012455465165115727
ui-tars-1.5,1,3ec21e,desktop,36,-0.060039503540844724,0.00011525298027729734,11.223272652179848,-0.1101494489560092,0.013250423326012829,-0.024545132245588474
ui-tars-1.5,2,3ec21e,desktop,31,-0.0600395035408447,0.00011525298027729734,11.223272652179848,-0.1101494489560092,0.013250420547695154,-0.024545132245588467
ui-tars-1.5,6,3d29ac,mobile,38,-0.050273513855407376,5.8880366780211995e-05,9.006883489579746,-0.04929253822275042,1.1167444665311684e-05,-0.012455465165115727
ui-tars-1.5,4,3ec21e,desktop,32,-0.060039503540844696,0.00011525298027729734,11.223272652179848,-0.1101494489560092,0.013250420894984861,-0.024545132245588474
ui-tars-1.5,3,3ec21e,desktop,18,-0.0600395035408447,0.0001152529802772973,11.223272652179848,-0.1101494489560092,0.013250420894984863,-0.024545132245588488
ui-tars-1.5,9,3d29ac,mobile,37,-0.05027351385540739,5.8880366780211995e-05,9.006883489579746,-0.0492925382227504,1.1167444665311684e-05,-0.012455465165115719
ui-tars-1.5,6,3ec21e,desktop,18,-0.0600395035408447,0.0001152529802772973,11.223272652179848,-0.1101494489560092,0.013250420894984863,-0.024545132245588488
ui-tars-1.5,5,3ec21e,desktop,18,-0.0600395035408447,0.0001152529802772973,11.223272652179848,-0.1101494489560092,0.013250420894984863,-0.024545132245588488
ui-tars-1.5,7,3ec21e,desktop,18,-0.0600395035408447,0.0001152529802772973,11.223272652179848,-0.1101494489560092,0.013250420894984863,-0.024545132245588488
ui-tars-1.5,8,3ec21e,desktop,18,-0.0600395035408447,0.0001152529802772973,11.223272652179848,-0.1101494489560092,0.013250420894984863,-0.024545132245588488
ui-tars-1.5,9,3ec21e,desktop,24,-0.0600395035408447,0.00011525298027729732,11.223272652179848,-0.1101494489560092,0.013250422978723118,-0.024545132245588467
ui-tars-1.5,10,3ec21e,desktop,32,-0.060039503540844696,0.00011525298027729734,11.223272652179848,-0.1101494489560092,0.013250420894984861,-0.024545132245588474
ui-tars-1.5,10,3d29ac,mobile,38,-0.050273513855407376,5.8880366780211995e-05,9.006883489579746,-0.04929253822275042,1.1167444665311684e-05,-0.012455465165115727
ui-tars-1.5,2,4ae90b,mobile,8,-0.04197559356065558,0.0,9.169318187567258,-0.04929253822275041,3.966365222909726e-05,-0.013612927719250406
ui-tars-1.5,1,4ae90b,mobile,33,-0.04197559356065558,0.0,9.169318187567258,-0.04929253822275039,3.966365222909726e-05,-0.013612927719250397
ui-tars-1.5,5,4ae90b,mobile,14,-0.04197559356065558,0.0,9.169318187567258,-0.04929253822275041,3.966365222909726e-05,-0.013612927719250397
ui-tars-1.5,4,4ae90b,mobile,9,-0.04197559356065558,0.0,9.169318187567258,-0.04929253822275041,3.966365222909726e-05,-0.013612927719250397
ui-tars-1.5,6,4ae90b,mobile,9,-0.04197559356065558,0.0,9.169318187567258,-0.04929253822275041,3.966365222909726e-05,-0.013612927719250397
ui-tars-1.5,3,4ae90b,mobile,16,-0.04197559356065558,0.0,9.169318187567258,-0.04929253822275039,3.966365222909726e-05,-0.013612927719250406
ui-tars-1.5,8,4ae90b,mobile,6,-0.04197559356065558,0.0,9.169318187567258,-0.04929253822275039,3.966365222909726e-05,-0.013612927719250406
ui-tars-1.5,7,4ae90b,mobile,33,-0.04197559356065558,0.0,9.169318187567258,-0.04929253822275041,3.966365222909726e-05,-0.013612927719250406
ui-tars-1.5,9,4ae90b,mobile,8,-0.04197559356065558,0.0,9.169318187567258,-0.04929253822275041,3.966365222909726e-05,-0.013612927719250406
ui-tars-1.5,1,4ea758,poster,13,0.10956106079091278,0.16602603158037166,6.592104853868017,0.19100771499278396,0.36623983359488205,0.07614327885214205
ui-tars-1.5,3,4ea758,poster,12,0.12983384712308485,0.17687968383106967,6.56864432521594,0.24199002692381436,0.3822363112831951,0.08662095835146566
ui-tars-1.5,4,4ea758,poster,11,0.21386697263921328,0.21474483249712883,6.056202361246285,0.3401893357208888,0.4231075447675922,0.1863048240636205
ui-tars-1.5,2,4ea758,poster,9,0.11030708238763451,0.16294274394938707,6.806400071540618,0.22068332435499297,0.35819359109445714,0.06332916805534253
ui-tars-1.5,5,4ea758,poster,9,0.07846854394326538,0.13634397757744782,6.937494573749332,0.15697311480840856,0.3672515413331437,0.04127994489784571
ui-tars-1.5,6,4ea758,poster,13,0.07931244277213281,0.14938376175582302,6.8546151429458195,0.15072860806590788,0.3628618855190034,0.0449721437588173
ui-tars-1.5,7,4ea758,poster,13,0.16316268122614574,0.19613908958195408,6.296618266181137,0.28570027710394397,0.3856441332380978,0.12302024377451255
ui-tars-1.5,10,4ae90b,mobile,59,-0.04197559356065558,0.0,9.169318187567258,-0.04929253822275039,3.966365222909726e-05,-0.013612927719250397
ui-tars-1.5,8,4ea758,poster,50,0.08517590384170247,0.21508731796008515,5.811063588261376,0.19813848780027016,0.48676580408734865,0.05717319170105822
ui-tars-1.5,10,4ea758,poster,9,0.1285171359841877,0.16518939269582766,6.608889990086981,0.2464472734653033,0.38615746514293975,0.08216968716015038
ui-tars-1.5,9,4ea758,poster,13,0.14968082233159755,0.19054561440585233,6.3192814477213535,0.26806222980892913,0.3862576200841584,0.11078021468113879
ui-tars-1.5,2,52a3d2,web,4,0.13018952888548097,0.1447070448477937,6.845935221940726,0.19450495900886736,0.2992993309183731,0.11120983077461673
ui-tars-1.5,1,52a3d2,web,18,-0.02750660199765202,0.0,9.599784741660756,-0.04966999580832105,2.1547080370609784e-05,-0.0008440025844635033
ui-tars-1.5,3,52a3d2,web,39,0.20006332301459126,0.31416435594072434,3.51945935375439,0.33635275819950017,0.5792233704954104,0.15656325734841778
ui-tars-1.5,7,52a3d2,web,9,-0.007919180302849532,0.03330978989771206,8.828367028726596,-0.05436533500846762,0.07725377212039057,-0.034889899475154085
ui-tars-1.5,4,52a3d2,web,4,0.13018952888548097,0.1447070448477937,6.845935221940726,0.19450495900886736,0.2992993309183731,0.11120983077461673
ui-tars-1.5,5,52a3d2,web,6,0.12168258850018895,0.13377382190592596,7.296111637027036,0.18263021700750556,0.2401526006689437,0.11493473996759307
ui-tars-1.5,6,52a3d2,web,9,0.1589249831346167,0.2152212976551305,4.768632487246392,0.2400806676760406,0.5272655578021475,0.1086732318459178
ui-tars-1.5,8,52a3d2,web,17,0.19074688832619208,0.29403151894560353,3.717110933262348,0.3262115087248403,0.5775079318790614,0.14385740574629846
ui-tars-1.5,9,52a3d2,web,12,0.1547580701513916,0.24765210368430443,4.3214976693430245,0.23739119453952184,0.5399592549493806,0.1224458904525543
ui-tars-1.5,10,52a3d2,web,9,0.1642663171883721,0.21580326245040415,4.7663966475129715,0.25025880886297885,0.5278030215925714,0.11349921662904613
ui-tars-1.5,1,587857,mobile,6,-0.02608450421202873,5.721263771862421e-05,9.622750722673459,-0.049292538222750384,4.1404438555813184e-05,-0.006470423883095419
ui-tars-1.5,2,587857,mobile,5,-0.02608450421202873,5.721263771862421e-05,9.622750722673459,-0.049292538222750405,4.1404438555813184e-05,-0.006470423883095423
ui-tars-1.5,3,587857,mobile,6,-0.02608450421202873,5.721263771862421e-05,9.622750722673459,-0.049292538222750384,4.1404438555813184e-05,-0.006470423883095416
ui-tars-1.5,5,587857,mobile,5,-0.02608450421202873,5.721263771862421e-05,9.622750722673459,-0.049292538222750405,4.1404438555813184e-05,-0.006470423883095423
ui-tars-1.5,6,587857,mobile,6,-0.026084504212028736,5.7212637718624226e-05,9.622750722673459,-0.04929253822275038,4.1404438555813184e-05,-0.006470423883095411
ui-tars-1.5,4,587857,mobile,23,-0.02608450421202873,5.721263771862421e-05,9.622750722673459,-0.049292538222750384,4.1404438555813184e-05,-0.006470423883095419
ui-tars-1.5,8,587857,mobile,6,-0.026084504212028726,5.7212637718624226e-05,9.622750722673459,-0.04929253822275038,4.1404438555813184e-05,-0.006470423883095411
ui-tars-1.5,7,587857,mobile,5,-0.026084504212028722,5.7212637718624226e-05,9.622750722673459,-0.04929253822275038,4.1404438555813184e-05,-0.006470423883095411
ui-tars-1.5,9,587857,mobile,5,-0.02608450421202873,5.721263771862422e-05,9.622750722673459,-0.04929253822275038,4.1404438555813184e-05,-0.006470423883095416
ui-tars-1.5,10,587857,mobile,5,-0.02608450421202873,5.721263771862421e-05,9.622750722673459,-0.049292538222750405,4.1404438555813184e-05,-0.006470423883095423
ui-tars-1.5,2,58b56c,mobile,45,0.018073374119666946,0.2605858862859043,4.624363782937616,0.004357428747642893,0.528770983742136,0.06653307432414922
ui-tars-1.5,1,58b56c,mobile,38,0.0019757475851927995,0.024044074957248453,9.069142039125161,0.015917890465362874,0.04420722108030708,-0.008642197263231996
ui-tars-1.5,3,58b56c,mobile,12,0.25776943377450706,0.23287472826137495,5.007622284637352,0.35897231791846873,0.49473223898627317,0.20845031635676164
ui-tars-1.5,5,58b56c,mobile,45,0.018073374119656108,0.2605858862859043,4.624363782937616,0.004357428747642878,0.528770983742136,0.06653307432414922
ui-tars-1.5,4,58b56c,mobile,45,0.018073374119656108,0.2605858862859043,4.624363782937616,0.004357428747642878,0.528770983742136,0.06653307432414922
ui-tars-1.5,2,5a6a69,desktop,35,-0.05140953594664285,0.0,10.679777366626745,-0.08735572474026168,6.769564040075819e-05,-0.016931355412312107
ui-tars-1.5,1,5a6a69,desktop,31,-0.051409535946642854,0.0,10.679777366626745,-0.08735572474026174,6.769564040075819e-05,-0.016931355412312107
ui-tars-1.5,6,58b56c,mobile,45,0.018073374119656108,0.2605858862859043,4.624363782937616,0.004357428747642878,0.528770983742136,0.06653307432414922
ui-tars-1.5,3,5a6a69,desktop,33,-0.051409535946642854,0.0,10.679777366626745,-0.08735572474026168,6.769564040075819e-05,-0.016931355412312086
ui-tars-1.5,7,58b56c,mobile,45,0.018073374119656094,0.26058588628590423,4.624363782937617,0.004357428747642851,0.528770983742136,0.0665330743241492
ui-tars-1.5,4,5a6a69,desktop,35,-0.05140953594664285,0.0,10.679777366626745,-0.08735572474026168,6.769564040075819e-05,-0.016931355412312107
ui-tars-1.5,8,58b56c,mobile,37,0.0019757475851928004,0.024044074957248453,9.069142039125161,0.01591789046536289,0.04420722153708438,-0.008642197263231996
ui-tars-1.5,9,58b56c,mobile,46,0.02711272752536723,0.2650900088305842,4.680670340348979,0.019695667736768507,0.5233352757047897,0.07564528960107572
ui-tars-1.5,5,5a6a69,desktop,34,-0.051409535946642854,0.0,10.679777366626745,-0.08735572474026168,6.769564040075819e-05,-0.0169313554123121
ui-tars-1.5,6,5a6a69,desktop,38,-0.05140953594664286,0.0,10.679777366626745,-0.08735572474026174,6.769564040075819e-05,-0.016931355412312114
ui-tars-1.5,8,5a6a69,desktop,41,-0.05140953594664286,0.0,10.679777366626745,-0.08735572474026174,6.769564040075819e-05,-0.0169313554123121
ui-tars-1.5,7,5a6a69,desktop,31,-0.051409535946642854,0.0,10.679777366626745,-0.08735572474026174,6.769564040075819e-05,-0.016931355412312107
ui-tars-1.5,9,5a6a69,desktop,24,-0.05140953594664286,0.0,10.679777366626745,-0.08735572474026174,6.769564040075819e-05,-0.016931355412312086
ui-tars-1.5,1,60593d,web,25,-0.05251033451801866,1.0999100734859913e-07,10.889937098168511,-0.0938228413837089,4.888063349301007e-05,0.024534215020777107
ui-tars-1.5,10,5a6a69,desktop,34,-0.051409535946642854,0.0,10.679777366626745,-0.08735572474026174,6.769564040075819e-05,-0.016931355412312107
ui-tars-1.5,2,60593d,web,39,-0.05251033451801865,1.099910073485991e-07,10.889937098168511,-0.0938228413837089,4.888063349301007e-05,0.024534215020777107
ui-tars-1.5,3,60593d,web,23,-0.05251033451801866,1.0999100734859912e-07,10.889937098168511,-0.0938228413837089,4.888063349301007e-05,0.024534215020777097
ui-tars-1.5,4,60593d,web,36,-0.052510334518018675,1.0999100734859912e-07,10.889937098168511,-0.0938228413837089,4.888063349301007e-05,0.02453421502077715
ui-tars-1.5,10,58b56c,mobile,9,0.03979166448556165,0.0529535671133985,8.466030326929182,-0.003672728829275918,0.16561340821276885,0.01592566979339135
ui-tars-1.5,6,60593d,web,30,-0.052510334518018655,1.0999100734859912e-07,10.889937098168511,-0.0938228413837089,4.888063349301007e-05,0.02453421502077715
ui-tars-1.5,7,60593d,web,39,-0.05251033451801865,1.099910073485991e-07,10.889937098168511,-0.0938228413837089,4.888063349301007e-05,0.024534215020777107
ui-tars-1.5,5,60593d,web,42,-0.05251033451801866,1.0999100734859913e-07,10.889937098168511,-0.0938228413837089,4.888063349301007e-05,0.024534215020777107
ui-tars-1.5,8,60593d,web,36,-0.05251033451801866,1.0999100734859913e-07,10.889937098168511,-0.0938228413837089,4.888063349301007e-05,0.024534215020777073
ui-tars-1.5,10,60593d,web,25,-0.05251033451801866,1.0999100734859913e-07,10.889937098168511,-0.0938228413837089,4.888063349301007e-05,0.024534215020777107
ui-tars-1.5,9,60593d,web,14,-0.05251033451801866,1.0999100734859913e-07,10.889937098168511,-0.0938228413837089,4.888063349301007e-05,0.024534215020777107
ui-tars-1.5,1,61707e,web,31,-0.0668073424273557,0.1863177322818041,7.777534165499091,-0.05773623729754998,0.2802508023138065,-0.17176399927011557
ui-tars-1.5,2,61707e,web,40,0.15608074011173984,0.18348593837576924,7.493022543315882,0.25979623895754556,0.3392422284884064,0.0630934925047581
ui-tars-1.5,3,61707e,web,9,0.008879313475832602,0.1171921921855548,8.55973839456541,0.08176285772495664,0.2493734914180276,-0.12721995806333677
ui-tars-1.5,4,61707e,web,11,0.001227405406805978,0.13092207937273972,8.273752473310996,0.06327608238661504,0.2795720467320168,-0.12257890808947607
ui-tars-1.5,6,61707e,web,12,-0.0026695041986742945,0.13761090699415934,7.543813069377299,0.05975285273196037,0.3780205976791523,-0.16652546183591913
ui-tars-1.5,5,61707e,web,36,0.13624010054520208,0.45627145564146315,1.8106778504441108,0.27607106483428434,0.6081215393737877,-0.09544663394109547
ui-tars-1.5,8,61707e,web,13,0.0026896014901863947,0.12811274081219626,8.272000888484172,0.0673075852213903,0.2874181718642377,-0.11956153711951235
ui-tars-1.5,7,61707e,web,15,-0.027444177069476047,0.16551361281029003,7.0784921772733504,0.0011882842909983807,0.37318155849498136,-0.20771007214205445
ui-tars-1.5,9,61707e,web,9,0.0033282257616278907,0.11603299576550821,8.535631480953636,0.06740321126004392,0.24902698057230915,-0.11612387822217833
ui-tars-1.5,1,67225a,desktop,51,0.4651713374559604,0.5247361976761834,1.2064577466416837,0.7910374556468622,0.7904116494001266,0.2626313981085411
ui-tars-1.5,10,61707e,web,9,0.00424957250081782,0.11288140155575495,8.584030378168311,0.06837198449405846,0.2489346080118955,-0.11257159971589124
ui-tars-1.5,2,67225a,desktop,34,-0.049550921405153034,0.0,11.115328462404143,-0.09442306484531039,4.6816479400749066e-05,0.028351814781534142
ui-tars-1.5,4,67225a,desktop,59,0.39414676528279813,0.38091734526896526,4.26792377361157,0.648810262672464,0.6015155406176086,0.26664607794668066
ui-tars-1.5,3,67225a,desktop,51,0.5164179769103742,0.5337407655989338,1.177606289369097,0.9079136531428267,0.7942333646053901,0.3441925454792825
ui-tars-1.5,5,67225a,desktop,50,0.5301287124329019,0.543983030110927,1.6281739935616377,0.9386198335732131,0.7684473073898882,0.31518288286070456
ui-tars-1.5,6,67225a,desktop,50,0.5301287124329019,0.543983030110927,1.6281739935616377,0.9386198335732131,0.7684473073898882,0.31518288286070456
ui-tars-1.5,7,67225a,desktop,56,0.5287992429763806,0.5419088842510508,1.6364550858924085,0.9359330969071566,0.7628206355549231,0.3146693479068601
ui-tars-1.5,8,67225a,desktop,27,-0.049550921405153034,0.0,11.115328462404143,-0.09442306484531038,4.6816479400749066e-05,0.028351814781534136
ui-tars-1.5,9,67225a,desktop,61,0.4315005553616589,0.4998263796608333,1.7605958433683195,0.7683688626031943,0.7520899307789489,0.11042157296617224
ui-tars-1.5,10,67225a,desktop,44,0.38101351853960125,0.42560554836893755,3.2225690915845697,0.602980171288061,0.7039325404801935,0.19534370230420622
ui-tars-1.5,2,69a8c4,web,9,-0.042840998874717526,0.08049299235317006,8.560519430168899,-0.030822078672168175,0.21019115962150697,-0.1104425519399289
ui-tars-1.5,1,69a8c4,web,9,-0.040626306000253,0.07021680556347965,8.825909407052226,-0.02928673148389693,0.19249656656028313,-0.10641102382375571
ui-tars-1.5,3,69a8c4,web,48,-0.12298464335282683,0.13074321768013708,7.951076684701348,-0.20539930095083409,0.22123562574771913,-0.12858462374835164
ui-tars-1.5,5,69a8c4,web,18,-0.038759384442474856,0.080576472074363,7.859357231092446,-0.025463263297414912,0.3211361169709833,-0.10059774091198186
ui-tars-1.5,1,6a889e,poster,34,0.21336947840281198,0.47579167068519573,0.9122634787360299,0.39492797833946763,0.6376888181916003,0.2019386989245981
ui-tars-1.5,4,69a8c4,web,18,-0.0389179472989419,0.08002420814705076,7.941098651805388,-0.025657083085088763,0.32092524369445996,-0.10078077902072496
ui-tars-1.5,6,69a8c4,web,13,-0.033729157435588894,0.0649742001318503,8.83264982334037,-0.02129595156541315,0.20675555253144373,-0.086322852988977
ui-tars-1.5,2,6a889e,poster,38,0.24732893956760607,0.49248711035444903,0.8693433846636359,0.4619558512828396,0.6514297705034764,0.22435231837242467
ui-tars-1.5,8,69a8c4,web,16,-0.03920497877217641,0.07675007292603951,8.146897184418803,-0.026032425011112265,0.3206121219147915,-0.10112149448848175
ui-tars-1.5,7,69a8c4,web,13,-0.033729157435588894,0.0649742001318503,8.83264982334037,-0.02129595156541315,0.20675555253144373,-0.086322852988977
ui-tars-1.5,3,6a889e,poster,32,0.3745110702169103,0.520103920458526,0.7681693523856925,0.646124689706894,0.7014048721906152,0.4031898227251585
ui-tars-1.5,4,6a889e,poster,27,0.17079995413360466,0.48263718006570183,1.0282022421301473,0.3365072808339907,0.6157795675382143,0.1301711956256523
ui-tars-1.5,5,6a889e,poster,31,0.21251282341598318,0.4779778449303661,0.9540540878006513,0.4320586858573863,0.6607064909529464,0.18197575886637732
ui-tars-1.5,6,6a889e,poster,30,0.23420648704097968,0.4665722424342286,1.1539448796780225,0.4460232543469309,0.6800702812601025,0.20621221592736835
ui-tars-1.5,7,6a889e,poster,32,0.2732871808887668,0.5049225151601536,0.8489383358754008,0.503312496694735,0.6547409450966513,0.269398132360429
ui-tars-1.5,9,69a8c4,web,18,-0.0389179472989419,0.08002420814705076,7.941098651805388,-0.025657083085088763,0.32092524369445996,-0.10078077902072496
ui-tars-1.5,8,6a889e,poster,33,0.27417453856275603,0.4941518232084133,0.8572176866091442,0.5007664209214095,0.6607315484977687,0.2518334467442617
ui-tars-1.5,9,6a889e,poster,36,0.22647861583502854,0.4424102467112601,1.337652048886492,0.42346529822502027,0.6801524095483354,0.19695999727105457
ui-tars-1.5,10,6a889e,poster,33,0.27417453856275603,0.4941518232084133,0.8572176866091442,0.5007664209214095,0.6607315484977687,0.2518334467442617
ui-tars-1.5,10,69a8c4,web,15,-0.04196444514709265,0.1174803911253419,7.626266758081131,-0.05321056430186323,0.2736062142501524,-0.10082929868386802
ui-tars-1.5,1,7cc04a,desktop,10,-0.04411456816800907,0.0,10.630145995569803,-0.08020658875710525,4.797543657647284e-05,0.018993204802117778
ui-tars-1.5,2,7cc04a,desktop,26,-0.04411456816800907,0.0,10.630145995569803,-0.08020658875710525,4.797543657647284e-05,0.018993204802117778
ui-tars-1.5,3,7cc04a,desktop,34,-0.04411456816800907,0.0,10.630145995569803,-0.08020658875710525,4.797543657647284e-05,0.018993204802117778
ui-tars-1.5,4,7cc04a,desktop,30,-0.044114568168009065,0.0,10.630145995569803,-0.08020658875710525,4.797543657647284e-05,0.01899320480211776
ui-tars-1.5,5,7cc04a,desktop,17,-0.04411456816800907,0.0,10.630145995569803,-0.08020658875710525,4.797543657647284e-05,0.018993204802117778
ui-tars-1.5,7,7cc04a,desktop,43,-0.04411456816800906,0.0,10.630145995569803,-0.08020658875710525,4.797543657647284e-05,0.01899320480211776
ui-tars-1.5,8,7cc04a,desktop,28,-0.04411456816800906,0.0,10.630145995569803,-0.08020658875710525,4.797543657647284e-05,0.01899320480211776
ui-tars-1.5,6,7cc04a,desktop,41,-0.04411456816800907,0.0,10.630145995569803,-0.08020658875710525,4.797543657647284e-05,0.018993204802117778
ui-tars-1.5,9,7cc04a,desktop,30,-0.044114568168009065,0.0,10.630145995569803,-0.08020658875710525,4.797543657647284e-05,0.01899320480211776
ui-tars-1.5,1,927a3c,web,37,0.12651091653671878,0.17440505461504785,6.734700056483531,0.17302379452248468,0.39331989147492874,0.010540614015335317
ui-tars-1.5,2,927a3c,web,33,0.16991778260263024,0.2575411459540447,5.492227757304233,0.3287984436205781,0.48939610849099,0.1749564533360643
ui-tars-1.5,10,7cc04a,desktop,56,-0.04411456816800906,0.0,10.630145995569803,-0.08020658875710525,4.797543657647284e-05,0.018993204802117778
ui-tars-1.5,3,927a3c,web,36,0.5503131078316823,0.3053608646171473,6.687852851495988,1.1629431363712655,0.35693115330082686,0.5063898731940996
ui-tars-1.5,6,927a3c,web,69,0.35978741662397423,0.3420702250519798,3.0953738996415883,0.7088011236100157,0.6948997840242153,0.22267765224147473
ui-tars-1.5,4,927a3c,web,36,0.39941682723593996,0.3023810578575309,6.473055622448161,0.7798615551220983,0.38971408164858407,0.3464382111414927
ui-tars-1.5,7,927a3c,web,45,0.25353193882277986,0.33992671499913124,2.8870243906094784,0.5502959420911382,0.6809861360887125,0.07227124469295933
ui-tars-1.5,5,927a3c,web,46,0.502868831652481,0.3057247287461509,6.612305643152625,1.0137543405859502,0.4101813139547686,0.4506929024295476
ui-tars-1.5,8,927a3c,web,32,0.12747806922216592,0.1946042492472892,6.521253288743364,0.17240062181486948,0.38417960743416185,0.0048612523350876485
ui-tars-1.5,1,98474c,poster,18,0.05738294792283307,0.20104937119830726,7.4522552232259685,0.24379810121453743,0.3754265129493158,-0.06412449521622877
ui-tars-1.5,9,927a3c,web,30,0.07760950653364415,0.20024307403092415,6.467978281733399,0.08103241610566587,0.38042274735770387,-0.0876432964154472
ui-tars-1.5,10,927a3c,web,45,0.3586968072929819,0.35360690165686537,3.2621994028486543,0.7459528097840781,0.6771152507735039,0.22010278142389644
ui-tars-1.5,3,98474c,poster,18,0.024393637777638772,0.18520530914759958,7.5783920655822055,0.15867935177185227,0.37442159454095225,-0.08996207503367203
ui-tars-1.5,2,98474c,poster,11,0.05816123820059747,0.20055104401761872,7.485615162259871,0.24497765675670047,0.3771103663162138,-0.06294249782356152
ui-tars-1.5,5,98474c,poster,31,0.20339994757331728,0.4920901876782412,0.9299088880396582,0.3726280679680834,0.615856883070508,0.13874107924453474
ui-tars-1.5,4,98474c,poster,18,0.05738294792283307,0.20104937119830726,7.4522552232259685,0.24379810121453743,0.3754265129493158,-0.06412449521622877
ui-tars-1.5,6,98474c,poster,18,0.05738294792283307,0.20104937119830726,7.4522552232259685,0.24379810121453743,0.3754265129493158,-0.06412449521622877
ui-tars-1.5,8,98474c,poster,18,0.05738294792283307,0.20104937119830726,7.4522552232259685,0.24379810121453743,0.3754265129493158,-0.06412449521622877
ui-tars-1.5,9,98474c,poster,9,0.008907181268496807,0.33248799114577676,2.1284686151667422,0.07098426323449032,0.5523883895700247,-0.034488809299137696
ui-tars-1.5,7,98474c,poster,12,0.30323239325860624,0.5162131921992924,0.8122686687289138,0.5878058776600064,0.7059057469750212,0.25402016846695646
ui-tars-1.5,10,98474c,poster,35,0.22293949647483124,0.5042721092477295,0.8671752575598116,0.37780750520521394,0.6182396879973313,0.15945469941731186
ui-tars-1.5,1,a4d155,web,27,-0.036862679157848854,0.00016763148453428347,10.380072278940085,-0.07025960842754589,2.9455081001472753e-05,0.004533387093209759
ui-tars-1.5,2,a4d155,web,30,-0.03686267915784887,0.00016763148453428347,10.380072278940085,-0.07025960842754589,2.9455081001472753e-05,0.004533387093209759
ui-tars-1.5,3,a4d155,web,33,-0.03686267915784886,0.00016763148453428347,10.380072278940085,-0.07025960842754589,2.9455081001472753e-05,0.004533387093209767
ui-tars-1.5,5,a4d155,web,48,-0.03686267915784886,0.00016763148453428347,10.380072278940085,-0.07025960842754589,2.9455081001472753e-05,0.004533387093209759
ui-tars-1.5,4,a4d155,web,31,-0.036862679157848854,0.00016763148453428347,10.380072278940085,-0.07025960842754589,2.9455081001472753e-05,0.004533387093209759
ui-tars-1.5,6,a4d155,web,35,-0.036862679157848854,0.00016763148453428347,10.380072278940085,-0.07025960842754589,2.9455081001472753e-05,0.004533387093209759
ui-tars-1.5,7,a4d155,web,44,-0.036862679157848854,0.00016763148453428347,10.380072278940085,-0.07025960842754589,2.9455081001472753e-05,0.004533387093209759
ui-tars-1.5,8,a4d155,web,31,-0.03686267915784887,0.00016763148453428347,10.380072278940085,-0.07025960842754589,2.9455081001472753e-05,0.004533387093209767
ui-tars-1.5,9,a4d155,web,39,-0.036862679157848854,0.00016763148453428347,10.380072278940085,-0.07025960842754589,2.9455081001472753e-05,0.004533387093209752
ui-tars-1.5,10,a4d155,web,33,-0.03686267915784887,0.00016763148453428347,10.380072278940085,-0.07025960842754589,2.9455081001472753e-05,0.004533387093209752
ui-tars-1.5,1,a77bd5,mobile,52,-0.04128429856700073,3.393870468356825e-08,9.146540929133932,-0.049292538222750384,2.511679308785854e-05,-0.024207985726540832
ui-tars-1.5,5,a77bd5,mobile,34,-0.04128429856700072,3.393870468356825e-08,9.146540929133932,-0.049292538222750384,2.511679308785854e-05,-0.02420798572654083
ui-tars-1.5,2,a77bd5,mobile,36,-0.04128429856700072,3.393870468356825e-08,9.146540929133932,-0.04929253822275041,2.511679308785854e-05,-0.024207985726540832
ui-tars-1.5,4,a77bd5,mobile,35,-0.04128429856700072,3.393870468356825e-08,9.146540929133932,-0.049292538222750384,2.511679308785854e-05,-0.024207985726540825
ui-tars-1.5,7,a77bd5,mobile,10,-0.04128429856700072,3.393870468356825e-08,9.146540929133932,-0.04929253822275041,2.511679308785854e-05,-0.024207985726540825
ui-tars-1.5,3,a77bd5,mobile,14,-0.04128429856700072,3.393870468356825e-08,9.146540929133932,-0.04929253822275041,2.511679308785854e-05,-0.024207985726540832
ui-tars-1.5,6,a77bd5,mobile,44,-0.04128429856700072,3.393870468356825e-08,9.146540929133932,-0.04929253822275041,2.511679308785854e-05,-0.024207985726540825
ui-tars-1.5,8,a77bd5,mobile,35,-0.04128429856700072,3.3938704683568256e-08,9.146540929133932,-0.049292538222750384,2.511679308785854e-05,-0.024207985726540822
ui-tars-1.5,9,a77bd5,mobile,50,-0.04128429856700072,3.393870468356825e-08,9.146540929133932,-0.049292538222750384,2.511679308785854e-05,-0.02420798572654083
ui-tars-1.5,10,a77bd5,mobile,35,-0.04128429856700072,3.393870468356825e-08,9.146540929133932,-0.049292538222750384,2.511679308785854e-05,-0.024207985726540832
ui-tars-1.5,1,aabc06,poster,9,0.19699723145743353,0.18238742606423536,6.9690209711225135,0.5147561757743881,0.31376749448326086,0.14421231837853948
ui-tars-1.5,2,aabc06,poster,18,0.2619159185553743,0.16841235288002301,7.13278024550481,0.6349863166753461,0.3189460277735502,0.2087796498924672
ui-tars-1.5,4,aabc06,poster,17,0.06645527840901289,0.18462709178191034,6.983932349528843,0.2734454588880238,0.3048283599660493,0.0435651215969209
ui-tars-1.5,5,aabc06,poster,19,0.26136537926793235,0.17077731648867772,7.074061769379708,0.6341440748192572,0.3182207679073237,0.2082866789918756
ui-tars-1.5,6,aabc06,poster,13,0.1139659844511941,0.18523811135090806,6.960412114087779,0.3675203310179426,0.31721723747907227,0.09238679428581248
ui-tars-1.5,3,aabc06,poster,17,0.06645527840901289,0.18462709178191034,6.983932349528843,0.2734454588880238,0.3048283599660493,0.0435651215969209
ui-tars-1.5,7,aabc06,poster,18,0.1964170202996126,0.16667796025703396,7.141785582866714,0.4900041544908189,0.31653232469066295,0.13750582421017088
ui-tars-1.5,8,aabc06,poster,17,0.06645527840901289,0.18462709178191034,6.983932349528843,0.2734454588880238,0.3048283599660493,0.0435651215969209
ui-tars-1.5,2,b5dab9,desktop,15,0.388336933942432,0.4098887421801871,3.6959186493319227,0.6618951928186502,0.5823902809004469,0.39375283818970186
ui-tars-1.5,1,b5dab9,desktop,15,0.38315802836973334,0.41684976729463746,3.020114467010651,0.6571947937381923,0.6276156414538602,0.39429948347700977
ui-tars-1.5,3,b5dab9,desktop,9,0.27962215313052996,0.1698411901495676,7.416459713710555,0.5225613838804379,0.3052461120193892,0.2700531751327838
ui-tars-1.5,5,b5dab9,desktop,9,0.27962215313052996,0.1698411901495676,7.416459713710555,0.5225613838804379,0.3052461120193892,0.2700531751327838
ui-tars-1.5,6,b5dab9,desktop,9,0.27962215313052996,0.1698411901495676,7.416459713710555,0.5225613838804379,0.3052461120193892,0.2700531751327838
ui-tars-1.5,7,b5dab9,desktop,9,0.27962215313052996,0.1698411901495676,7.416459713710555,0.5225613838804379,0.3052461120193892,0.2700531751327838
ui-tars-1.5,4,b5dab9,desktop,9,0.27962215313052996,0.1698411901495676,7.416459713710555,0.5225613838804379,0.3052461120193892,0.2700531751327838
ui-tars-1.5,9,aabc06,poster,9,0.20465439236451183,0.18570103912974234,6.9538195763275805,0.5311555749692825,0.3147350330209648,0.1523389032472559
ui-tars-1.5,10,aabc06,poster,9,0.19699723145743353,0.18238742606423536,6.9690209711225135,0.5147561757743881,0.31376749448326086,0.14421231837853948
ui-tars-1.5,8,b5dab9,desktop,9,0.27962215313052996,0.1698411901495676,7.416459713710555,0.5225613838804379,0.3052461120193892,0.2700531751327838
ui-tars-1.5,10,b5dab9,desktop,9,0.27962215313052996,0.1698411901495676,7.416459713710555,0.5225613838804379,0.3052461120193892,0.2700531751327838
ui-tars-1.5,9,b5dab9,desktop,9,0.27962215313052996,0.1698411901495676,7.416459713710555,0.5225613838804379,0.3052461120193892,0.2700531751327838
ui-tars-1.5,1,bb34f1,poster,13,0.44099091470274177,0.35063296704096175,3.697676434918786,0.9550595349297814,0.6632350372223332,0.4292990877886263
ui-tars-1.5,3,bb34f1,poster,11,0.30865301993160327,0.28590540769272577,3.8313355340971578,0.6892779437668172,0.6704011306458084,0.2848133272578339
ui-tars-1.5,4,bb34f1,poster,11,0.30865301993160327,0.28590540769272577,3.8313355340971578,0.6892779437668172,0.6704011306458084,0.2848133272578339
ui-tars-1.5,5,bb34f1,poster,11,0.30865301993160327,0.28590540769272577,3.8313355340971578,0.6892779437668172,0.6704011306458084,0.2848133272578339
ui-tars-1.5,2,bb34f1,poster,13,0.30383205210401865,0.28640729053031044,3.8133525584643007,0.6831267935229582,0.6590727160956039,0.28276991707961013
ui-tars-1.5,6,bb34f1,poster,11,0.30865301993160327,0.28590540769272577,3.8313355340971578,0.6892779437668172,0.6704011306458084,0.2848133272578339
ui-tars-1.5,2,c08f50,poster,9,0.23384653109827247,0.3562275933037651,4.470570171561285,0.2810040707720958,0.5276935308099314,0.015392367414363794
ui-tars-1.5,3,c08f50,poster,9,0.2271897558886682,0.3181862997548398,4.680472537016651,0.268691646098871,0.5372837716024631,-0.0033197914628528124
ui-tars-1.5,1,c08f50,poster,9,0.2271897558886682,0.3181862997548398,4.680472537016651,0.268691646098871,0.5372837716024631,-0.0033197914628528124
ui-tars-1.5,4,c08f50,poster,9,0.25300250758612913,0.36488902102139975,4.432337227295948,0.3035882203294881,0.5290987489093091,0.043842989680288026
ui-tars-1.5,7,bb34f1,poster,11,0.30865301993160327,0.28590540769272577,3.8313355340971578,0.6892779437668172,0.6704011306458084,0.2848133272578339
ui-tars-1.5,9,bb34f1,poster,13,0.44099091470274177,0.35063296704096175,3.697676434918786,0.9550595349297814,0.6632350372223332,0.4292990877886263
ui-tars-1.5,6,c08f50,poster,9,0.24754700908418234,0.3790526381572638,4.305075742373696,0.29504128517783307,0.5267275113170733,0.03552659622446679
ui-tars-1.5,5,c08f50,poster,9,0.24754700908418234,0.3790526381572638,4.305075742373696,0.29504128517783307,0.5267275113170733,0.03552659622446679
ui-tars-1.5,8,bb34f1,poster,13,0.30383205210401865,0.28640729053031044,3.8133525584643007,0.6831267935229582,0.6590727160956039,0.28276991707961013
ui-tars-1.5,7,c08f50,poster,9,0.22239473007764726,0.3423630663596935,4.7319713415957345,0.2749922516252018,0.5160019758819552,0.03245424973591703
ui-tars-1.5,8,c08f50,poster,9,0.2609255176511346,0.3620148019948926,4.369006616879024,0.3101634163616941,0.5364265574279691,0.04120900658358278
ui-tars-1.5,9,c08f50,poster,10,0.25619299316223987,0.36240285833603747,4.342045483385677,0.30384606977554673,0.5326148904935829,0.03286697007714671
ui-tars-1.5,10,c08f50,poster,9,0.2707364392784939,0.3897834470359532,4.261776431501289,0.32424869009492396,0.5295910233363362,0.07702322497982893
ui-tars-1.5,1,c3ce89,web,20,0.28554209517571455,0.25768856822671826,7.369614950430353,0.7494752795638191,0.3514764828407982,0.28201046020058124
ui-tars-1.5,2,c3ce89,web,40,0.20990354426491573,0.35475604159935153,2.789351149027681,0.6414323874375567,0.7133073858459461,0.12873123698189654
ui-tars-1.5,5,c3ce89,web,23,0.2619579629290689,0.2705829548058486,7.193803108528393,0.7104783520383344,0.3731410029453842,0.23383171671661354
ui-tars-1.5,4,c3ce89,web,20,0.2859751237981449,0.257091195268515,7.401509788132055,0.7508036252490432,0.35259301327408143,0.282231596739332
ui-tars-1.5,10,bb34f1,poster,13,0.44099091470274177,0.35063296704096175,3.697676434918786,0.9550595349297814,0.6632350372223332,0.4292990877886263
ui-tars-1.5,3,c3ce89,web,28,0.31630972381920663,0.40619825076478383,3.026925516025769,0.9199051022684512,0.7854110182554892,0.20010568076576063
ui-tars-1.5,7,c3ce89,web,30,0.25545065971164665,0.3681075240904,4.09144559787495,0.7599237617527609,0.741899088618617,0.15783540081224776
ui-tars-1.5,6,c3ce89,web,30,0.25545065971164665,0.3681075240904,4.09144559787495,0.7599237617527609,0.741899088618617,0.15783540081224776
ui-tars-1.5,8,c3ce89,web,30,0.28034737418570005,0.39408869811389924,2.6580186254062386,0.8243407606443209,0.7842210883108627,0.16306079744435273
ui-tars-1.5,1,c9b04c,poster,28,0.10733754482442989,0.35908652690625686,1.670195371103577,0.2233102720009785,0.49243675458259917,0.0172979689264255
ui-tars-1.5,2,c9b04c,poster,40,0.33445195309848297,0.5022956219448121,2.329431470420512,0.5867464159574356,0.6472836462177501,0.22492322871438883
ui-tars-1.5,4,c9b04c,poster,16,0.3354944533901937,0.5075949943330429,0.8172904884476677,0.5665791204795553,0.659072094923494,0.2363800132719236
ui-tars-1.5,5,c9b04c,poster,36,0.26922063633543286,0.47502745831407694,2.2847380597861457,0.46224577836592284,0.6087788144533381,0.09143534679556264
ui-tars-1.5,3,c9b04c,poster,45,0.2541727536392723,0.4867919714484443,1.551064569513144,0.4136461845104252,0.6221720713228182,0.05615827102984795
ui-tars-1.5,7,c9b04c,poster,48,0.3111921630566546,0.48422779335584587,2.5635048044894857,0.5313229391783518,0.6167771997489203,0.1770054148066807
ui-tars-1.5,6,c9b04c,poster,35,0.3289039032447041,0.49638561889882826,2.3505524563141744,0.5755873088943866,0.6433817130438031,0.2166494052143356
ui-tars-1.5,8,c9b04c,poster,45,0.3373504456501028,0.4984364813983231,2.3459619740793576,0.5886440371738315,0.642742706681998,0.23750536133644723
ui-tars-1.5,9,c9b04c,poster,45,0.34584756312966736,0.5044426452810495,2.3264241774773105,0.6029868391305528,0.6456062311625942,0.2511675491730331
ui-tars-1.5,10,c9b04c,poster,35,0.1927241393650138,0.48643301225033175,1.029010731414002,0.3270607448480909,0.59864918022636,0.04762743506399859
ui-tars-1.5,9,c3ce89,web,19,0.21553438999460126,0.23179113828931494,7.533424988112666,0.5827187855381767,0.33340276266124014,0.21635616878112157
ui-tars-1.5,10,c3ce89,web,13,0.24929832904573884,0.2404816254786664,7.5081079220655464,0.6332082369686979,0.33512685591567076,0.25806615879617534
ui-tars-1.5,2,ce9bfe,web,21,0.3472335097233832,0.2678519068812171,5.055492896750926,0.6881183144716934,0.561380798352533,0.18425325370611284
ui-tars-1.5,3,ce9bfe,web,27,0.49103471364627765,0.43199264065673615,2.010628294916062,0.8823098397761654,0.7411907948657475,0.33587144890890813
ui-tars-1.5,4,ce9bfe,web,29,0.18755773508231532,0.18284478715023342,6.381285057740825,0.3408847869911331,0.4527375577538662,0.02142763848118322
ui-tars-1.5,6,ce9bfe,web,18,0.05559088054154464,0.13683529511749393,7.4879428293630905,0.16087503133722014,0.33926400377369054,-0.14036478699624083
ui-tars-1.5,1,ce9bfe,web,21,0.3472335097233832,0.2678519068812171,5.055492896750926,0.6881183144716934,0.561380798352533,0.18425325370611284
ui-tars-1.5,5,ce9bfe,web,21,0.5625373425226323,0.358531731491223,3.6775579612905114,1.145621443964812,0.6619867602985836,0.4603518092011364
ui-tars-1.5,7,ce9bfe,web,46,0.4141397849286762,0.4275740432626884,2.6308502602674384,0.8330408680332728,0.6848173170575127,0.13845369814050068
ui-tars-1.5,9,ce9bfe,web,19,0.5440610896948042,0.36371294089990114,3.758797515860712,1.1176942381831094,0.6452829543899218,0.42498162626867636
ui-tars-1.5,8,ce9bfe,web,38,0.3515264680433807,0.20814155109481564,6.388994977260628,0.7300470850239597,0.3732744833516514,0.319054071448787
ui-tars-1.5,10,ce9bfe,web,21,0.5833186898501896,0.36794760997034415,3.6516209207329253,1.1846169269881925,0.6627506501596472,0.4911085127044269
ui-tars-1.5,1,d48310,web,16,-0.02459268642365761,0.0,10.940020633350201,-0.07023202247821968,6.104260774020266e-05,0.014927697935051025
ui-tars-1.5,3,d48310,web,19,-0.01966857011815755,0.016279381765361544,10.736691191068239,-0.04704981006294279,0.015727440524538557,0.02783959018875939
ui-tars-1.5,4,d48310,web,38,-0.02459268642365762,0.0,10.940020633350201,-0.07023202247821968,6.104260774020266e-05,0.014927697935051025
ui-tars-1.5,2,d48310,web,40,-0.027488388905460952,0.02422767620141063,10.641263448781576,-0.07041397818824319,0.03787668273927604,0.025362841381517075
ui-tars-1.5,6,d48310,web,18,-0.024592686423657625,0.0,10.940020633350201,-0.07023202247821968,6.104260774020266e-05,0.01492769793505102
ui-tars-1.5,8,d48310,web,13,0.010853246310508588,0.027660607899465273,10.589353708251936,0.13650989178268386,0.03909092542877694,0.05378731570330437
ui-tars-1.5,5,d48310,web,30,-0.021159762271956224,0.025554854915377633,10.620604098114379,-0.044527469241833144,0.03814318622587132,0.03129638632664807
ui-tars-1.5,1,dd0d82,poster,72,0.42685781144496926,0.49478156946454965,1.085594921853271,0.8120837418460837,0.7465771669081577,0.40266435706218223
ui-tars-1.5,7,d48310,web,29,-0.02459268642365761,0.0,10.940020633350201,-0.07023202247821968,6.104260774020266e-05,0.014927697935051032
ui-tars-1.5,9,d48310,web,22,-0.024592686423657625,0.0,10.940020633350201,-0.07023202247821968,6.104260774020266e-05,0.014927697935051028
ui-tars-1.5,2,dd0d82,poster,9,0.4739761770643319,0.389156765369871,3.8382202436126573,0.8129935596948378,0.6176962093199063,0.4519908030664473
ui-tars-1.5,3,dd0d82,poster,9,0.5012882018663647,0.398674311407377,3.916988096261263,0.8701321450854177,0.6054186528894983,0.4797265119389956
ui-tars-1.5,4,dd0d82,poster,33,0.3479324970751463,0.3280308855983495,4.026593346825143,0.5836849561909314,0.6234241216778756,0.3161096356566627
ui-tars-1.5,10,d48310,web,38,-0.02459268642365761,0.0,10.940020633350201,-0.07023202247821968,6.104260774020266e-05,0.014927697935051025
ui-tars-1.5,7,dd0d82,poster,9,0.5756965581617149,0.43832361611802284,4.011254327165682,1.021243927899546,0.5906941347254875,0.5592973458505744
ui-tars-1.5,6,dd0d82,poster,9,0.629288766184125,0.4691412681477048,3.857603845932389,1.1145470038739675,0.5955861343959454,0.6173904803236786
ui-tars-1.5,5,dd0d82,poster,61,0.39486135253279575,0.4929838369549545,0.9240681547421181,0.7078558403485455,0.725144974775144,0.3691475837944195
ui-tars-1.5,8,dd0d82,poster,11,0.5905695520132612,0.4440138506953344,3.97847974404322,1.0437676598002232,0.5928873353617456,0.575667861804534
ui-tars-1.5,9,dd0d82,poster,15,0.5912162424344054,0.4463867154439983,3.9448780846871854,1.0447524292258563,0.5931192678730214,0.5763782574328022
ui-tars-1.5,10,dd0d82,poster,9,0.4750885735789041,0.3890023898469194,3.838249400997541,0.8149539491038491,0.6171701014321738,0.452977648392596
ui-tars-1.5,1,ebe076,mobile,10,0.5959396780104242,0.4413577780681937,3.168104327209266,0.8142656948148125,0.6941720076804516,0.42222740585078267
ui-tars-1.5,2,ebe076,mobile,10,0.5959396780104242,0.4413577780681937,3.168104327209266,0.8142656948148125,0.6941720076804516,0.42222740585078267
ui-tars-1.5,3,ebe076,mobile,9,-0.10361719593954713,0.007248710718956054,10.558326506140325,-0.14036427992066294,0.021359909463703603,0.00016968749691853897
ui-tars-1.5,4,ebe076,mobile,12,0.5659581047490998,0.3904031712206454,3.549379900789587,0.7727107377356095,0.6862217870071208,0.4199089590746545
ui-tars-1.5,5,ebe076,mobile,13,0.6449870862593692,0.5149298975160228,1.4176102118833813,0.8929793066268279,0.7920906781885908,0.46419729924496345
ui-tars-1.5,7,ebe076,mobile,18,0.6139705166801168,0.4695679487263081,2.012757023340086,0.8413534225588963,0.7879336927465527,0.42972211173613917
ui-tars-1.5,10,ebe076,mobile,9,-0.10361719593954713,0.007248710718956054,10.558326506140325,-0.14036427992066294,0.021359909463703603,0.00016968749691853897
ui-tars-1.5,8,ebe076,mobile,24,0.6027595314726528,0.4945420786530713,1.3795313054731824,0.824391556164442,0.7750616153371852,0.4493736791454178
ui-tars-1.5,6,ebe076,mobile,10,0.5959396780104242,0.4413577780681937,3.168104327209266,0.8142656948148125,0.6941720076804516,0.42222740585078267
ui-tars-1.5,9,ebe076,mobile,22,0.5670709843192234,0.3938438476638967,2.476062515579936,0.7744370737090935,0.7840358604625766,0.42085282930239193
ui-tars-1.5,1,f30633,mobile,55,-0.03514233746008369,0.0,9.306309193236713,-0.04929253822275039,2.0177562550443908e-05,0.011274665216945812
ui-tars-1.5,2,f30633,mobile,37,-0.03514233746008369,0.0,9.306309193236713,-0.04929253822275037,2.0177562550443908e-05,0.011274665216945812
ui-tars-1.5,3,f30633,mobile,44,-0.03514233746008369,0.0,9.306309193236713,-0.04929253822275037,2.0177562550443908e-05,0.01127466521694582
ui-tars-1.5,6,f30633,mobile,48,-0.035142337460083696,0.0,9.306309193236713,-0.04929253822275037,2.0177562550443908e-05,0.011274665216945803
ui-tars-1.5,7,f30633,mobile,52,-0.03514233746008369,0.0,9.306309193236713,-0.04929253822275041,2.0177562550443908e-05,0.011274665216945812
ui-tars-1.5,2,f9e25e,desktop,36,-0.2241558108790675,0.024858147252709517,10.613992161122074,-0.28001967489136137,0.02890135286954719,-0.07802962628822117
ui-tars-1.5,1,f9e25e,desktop,40,-0.18049612786497637,0.016979303213146626,10.658402264249975,-0.22596282337258575,0.028630247766070798,-0.0678255344928187
ui-tars-1.5,9,f30633,mobile,34,-0.03514233746008369,0.0,9.306309193236713,-0.04929253822275039,2.0177562550443908e-05,0.011274665216945803
ui-tars-1.5,3,f9e25e,desktop,35,-0.2243417553102276,0.02467448712550744,10.615463604765187,-0.2807230360362432,0.028821247970939982,-0.07980137266441482
ui-tars-1.5,4,f30633,mobile,43,-0.03514233746008369,0.0,9.306309193236713,-0.04929253822275039,2.0177562550443908e-05,0.011274665216945812
ui-tars-1.5,5,f30633,mobile,15,-0.03514233746008368,0.0,9.306309193236713,-0.04929253822275041,2.0177562550443908e-05,0.011274665216945812
ui-tars-1.5,8,f30633,mobile,43,-0.03514233746008369,0.0,9.306309193236713,-0.04929253822275039,2.0177562550443908e-05,0.011274665216945803
ui-tars-1.5,6,f9e25e,desktop,36,-0.19008454344397294,0.01929784132001151,10.646941216357897,-0.23920645460659568,0.028871537946345213,-0.07325986916568415
ui-tars-1.5,5,f9e25e,desktop,9,-0.1289307610854193,0.019632790817113163,10.662517212856818,-0.16474233895400137,0.02557097984359442,-0.051625231879587986
ui-tars-1.5,4,f9e25e,desktop,9,-0.13194632731448208,0.01956186889054303,10.66049210162427,-0.16847412252539576,0.0254134082170343,-0.05310767800840659
ui-tars-1.5,7,f9e25e,desktop,58,-0.12893076108541926,0.019632790817113163,10.662517212856818,-0.1647423389540013,0.02557097984359442,-0.05162523187958794
ui-tars-1.5,8,f9e25e,desktop,9,-0.1289307610854193,0.019632790817113163,10.662517212856818,-0.16474233895400137,0.02557097984359442,-0.051625231879587986
ui-tars-1.5,10,f9e25e,desktop,9,-0.1289307610854193,0.019632790817113163,10.662517212856818,-0.16474233895400137,0.02557097984359442,-0.051625231879587986
ui-tars-1.5,9,f9e25e,desktop,40,-0.1289307610854193,0.019632790817113163,10.662517212856818,-0.1647423389540013,0.02557097984359442,-0.05162523187958795
ui-tars-1.5,10,f30633,mobile,39,-0.035142337460083696,0.0,9.306309193236713,-0.04929253822275039,2.0177562550443908e-05,0.011274665216945803
ui-tars-1.5,1,fac314,poster,42,-0.04564817732983971,0.0,9.885472056630004,-0.08092222662952418,1.7516202487300754e-05,-0.014737039297626977
ui-tars-1.5,4,fac314,poster,9,-0.011981372747422942,0.1530138625631502,6.372340222366147,-0.06503282176653716,0.41772177822009315,-0.03181792571962758
ui-tars-1.5,5,fac314,poster,16,0.23591006763383482,0.29198345208617404,4.933199863767253,0.3702334975706773,0.4828170908498055,0.21660836784213985
ui-tars-1.5,6,fac314,poster,37,-0.06467021826531144,0.0015645649775288184,9.828858120866123,-0.11481584555675474,0.0042522060467911245,-0.01772516358056218
ui-tars-1.5,8,fac314,poster,45,-0.04564817732983971,0.0,9.885472056630004,-0.08092222662952418,1.7516202487300754e-05,-0.014780231794221619
ui-tars-1.5,2,fac314,poster,41,-0.06417678751740528,0.001648976023260363,9.827492465887119,-0.11396040452230032,0.004253482959823537,-0.016920023309871805
ui-tars-1.5,7,fac314,poster,32,-0.11657258668817622,0.17618699165059173,6.084636322468811,-0.16902628262233033,0.3941177025405044,-0.0650851091366457
ui-tars-1.5,3,fac314,poster,31,-0.043336878032604,0.20608754502255877,4.690045763259739,-0.0251900855203164,0.49577495746305406,-0.03185357939236678
ui-tars-1.5,9,fac314,poster,21,0.19503412137121484,0.20231944904274546,6.506331260702618,0.3653370878614412,0.37252796178984793,0.18424265240833387
ui-tars-1.5,10,fac314,poster,30,-0.04017954836065716,0.16571972438196603,6.731339953744031,-0.018670526749688693,0.3231908467180367,-0.06672161277035249
